AlleleID,Type,Name,GeneID,GeneSymbol,HGNC_ID,ClinicalSignificance,ClinSigSimple,LastEvaluated,RS# (dbSNP),nsv/esv (dbVar),RCVaccession,PhenotypeIDS,PhenotypeList,Origin,OriginSimple,Assembly,ChromosomeAccession,Chromosome,Start,Stop,ReferenceAllele,AlternateAllele,Cytogenetic,ReviewStatus,NumberSubmitters,Guidelines,TestedInGTR,OtherIDs,SubmitterCategories,VariationID,PositionVCF,ReferenceAlleleVCF,AlternateAlleleVCF,SomaticClinicalImpact,SomaticClinicalImpactLastEvaluated,ReviewStatusClinicalImpact,Oncogenicity,OncogenicityLastEvaluated,ReviewStatusOncogenicity,SCVsForAggregateGermlineClassification,SCVsForAggregateSomaticClinicalImpact,SCVsForAggregateOncogenicityClassification
4921562,Microsatellite,NM_000521.4(HEXB):c.1539_1540del (p.Trp514fs),3074,HEXB,HGNC:4879,Pathogenic,1,"Feb 01, 2026",-1,-,RCV006631568,"MONDO:MONDO:0010006,MedGen:C0036161,OMIM:268800,Orphanet:796",Sandhoff disease,germline,germline,GRCh37,NC_000005.9,5,74016496,74016497,na,na,5q13.3,"criteria provided, single submitter",1,-,N,-,2,4809202,74016495,ACT,A,-,-,-,-,-,-,SCV007512339,-,-
247170,single nucleotide variant,NM_002250.3(KCNN4):c.1055G>A (p.Arg352His),3783,KCNN4,HGNC:6293,Pathogenic,1,"Apr 01, 2026",774455945,-,RCV000239166|RCV000412510|RCV005652348,"MedGen:C3661900|MONDO:MONDO:0014737,MedGen:C4225242,OMIM:616689,Orphanet:3202|MeSH:D030342,MedGen:C0950123",not provided|Dehydrated hereditary stomatocytosis 2|Inborn genetic diseases,germline;unknown,germline,GRCh37,NC_000019.9,19,44273179,44273179,na,na,19q13.31,"criteria provided, multiple submitters, no conflicts",12,-,N,"ClinGen:CA9491791,UniProtKB:O15554#VAR_074487,OMIM:602754.0001",3,252601,44273179,C,T,-,-,-,-,-,-,SCV000297117|SCV001501739|SCV001784727|SCV002023216|SCV002058976|SCV002581315|SCV004242966|SCV004298406|SCV005413366|SCV006341468|SCV007537908,-,-
550291,single nucleotide variant,NM_134261.3(RORA):c.1498C>T (p.Arg500Ter),6095,RORA,HGNC:10258,Pathogenic,1,"Jan 27, 2026",1555421544,-,RCV000677292,MedGen:C3661900,not provided,de novo;germline,germline,GRCh37,NC_000015.9,15,60789728,60789728,na,na,15q22.2,"criteria provided, multiple submitters, no conflicts",3,-,N,ClinGen:CA392666838,2,559568,60789728,G,A,-,-,-,-,-,-,SCV000803425|SCV003917392|SCV003936576,-,-
4970870,Deletion,NM_003072.5(SMARCA4):c.1707del (p.Gln570fs),6597,SMARCA4,HGNC:11100,Pathogenic,1,"Jun 12, 2026",-1,-,RCV006716340,"MONDO:MONDO:0015356,MeSH:D009386,MedGen:C0027672,Orphanet:140162",Hereditary cancer-predisposing syndrome,germline,germline,GRCh37,NC_000019.9,19,11107001,11107001,na,na,19p13.2,"criteria provided, single submitter",1,-,N,-,2,4864801,11107000,CG,C,-,-,-,-,-,-,SCV007631700,-,-
274247,single nucleotide variant,NM_213599.3(ANO5):c.1406G>A (p.Trp469Ter),203859,ANO5,HGNC:27337,Pathogenic,1,"Jan 01, 2026",765427574,-,RCV000384851,MedGen:C3661900,not provided,germline,germline,GRCh37,NC_000011.9,11,22279299,22279299,na,na,11p14.3,"criteria provided, multiple submitters, no conflicts",2,-,N,ClinGen:CA5923240,2,290010,22279299,G,A,-,-,-,-,-,-,SCV000344486|SCV007546478,-,-
255125,single nucleotide variant,NM_000693.4(ALDH1A3):c.1156A>G (p.Met386Val),220,ALDH1A3,HGNC:409,Benign,0,"Jan 27, 2026",3803430,-,RCV000251319|RCV001511882|RCV001682985,"MedGen:CN169374|MONDO:MONDO:0014050,MedGen:C3554524,OMIM:615113,Orphanet:2542|MedGen:C3661900",not specified|Isolated microphthalmia 8|not provided,germline,germline,GRCh37,NC_000015.9,15,101445815,101445815,na,na,15q26.3,"criteria provided, multiple submitters, no conflicts",4,-,N,"ClinGen:CA7760299,UniProtKB:P47895#VAR_019706",2,256760,101445815,A,G,-,-,-,-,-,-,SCV000305421|SCV001719201|SCV001902414|SCV005293688,-,-
175177,single nucleotide variant,NM_000256.3(MYBPC3):c.1924C>T (p.Gln642Ter),4607,MYBPC3,HGNC:7551,Pathogenic,1,"May 28, 2026",727504293,-,RCV000211801|RCV000619467|RCV006698098,"Human Phenotype Ontology:HP:0001639,MONDO:MONDO:0005045,MeSH:D002312,MedGen:C0007194,Orphanet:217569|MedGen:CN230736|MONDO:MONDO:0024573,MeSH:D024741,MedGen:C0949658,OMIM:PS192600,Orphanet:99739",Hypertrophic cardiomyopathy|Cardiovascular phenotype|Primary familial hypertrophic cardiomyopathy,germline,germline,GRCh37,NC_000011.9,11,47362557,47362557,na,na,11p11.2,"criteria provided, multiple submitters, no conflicts",4,"ACMG2013,ACMG2016,ACMG2021,ACMG2022",N,ClinGen:CA011501,2,177705,47362557,G,A,-,-,-,-,-,-,SCV000740116|SCV001398720|SCV007596965,-,-
4973094,single nucleotide variant,NM_000038.6(APC):c.604G>T (p.Glu202Ter),324,APC,HGNC:583,Pathogenic,1,"Apr 28, 2026",-1,-,RCV006718963,"MONDO:MONDO:0015356,MeSH:D009386,MedGen:C0027672,Orphanet:140162",Hereditary cancer-predisposing syndrome,germline,germline,GRCh37,NC_000005.9,5,112116559,112116559,na,na,5q22.2,"criteria provided, single submitter",1,"ACMG2013,ACMG2016,ACMG2021,ACMG2022",N,-,2,4860861,112116559,G,T,-,-,-,-,-,-,SCV007622568,-,-
141206,single nucleotide variant,NM_032119.4(ADGRV1):c.4752+19G>T,84059,ADGRV1,HGNC:17416,Benign,0,"Feb 03, 2026",59737743,-,RCV000125302|RCV001523099,MedGen:CN169374|MedGen:C3661900,not specified|not provided,germline,germline,GRCh37,NC_000005.9,5,89954114,89954114,na,na,5q14.3,"criteria provided, multiple submitters, no conflicts",2,-,N,ClinGen:CA291112,2,137503,89954114,G,T,-,-,-,-,-,-,SCV000168747|SCV001732757,-,-
76773,single nucleotide variant,NM_000784.4(CYP27A1):c.379C>T (p.Arg127Trp),1593,CYP27A1,HGNC:2605,Pathogenic,1,"Mar 04, 2026",201114717,-,RCV000056110|RCV001267948|RCV002251956|RCV003415826|RCV006659185,"MONDO:MONDO:0008948,MedGen:C0238052,OMIM:213700,Orphanet:909|MedGen:C3661900|||MedGen:CN230736",Cholestanol storage disease|not provided|See cases|CYP27A1-related disorder|Cardiovascular phenotype,germline;unknown,germline,GRCh37,NC_000002.11,2,219674423,219674423,na,na,2q35,"criteria provided, multiple submitters, no conflicts",14,-,N,ClinGen:CA345193,3,65865,219674423,C,T,-,-,-,-,-,-,SCV000933713|SCV001446470|SCV001823953|SCV002078763|SCV002496638|SCV002523876|SCV002810277|SCV004118437|SCV004192648|SCV005413550|SCV007495893|SCV007553114,-,-
4964743,Microsatellite,NM_000527.5(LDLR):c.1962_1963del (p.Phe655fs),3949,LDLR,HGNC:6547,Pathogenic,1,"Apr 14, 2026",-1,-,RCV006702929,"MONDO:MONDO:0005439,MedGen:C0020445,OMIM:PS143890",Familial hypercholesterolemia,germline,germline,GRCh37,NC_000019.9,19,11230881,11230882,na,na,19p13.2,"criteria provided, single submitter",1,"ACMG2013,ACMG2016,ACMG2021,ACMG2022",N,-,2,4853802,11230880,TTC,T,-,-,-,-,-,-,SCV007606511,-,-
2944012,single nucleotide variant,NM_000257.4(MYH7):c.4598T>C (p.Leu1533Pro),4625,MYH7,HGNC:7577,Pathogenic,1,"Jan 31, 2026",2502248530,-,RCV003748569,"Human Phenotype Ontology:HP:0001639,MONDO:MONDO:0005045,MeSH:D002312,MedGen:C0007194,Orphanet:217569",Hypertrophic cardiomyopathy,germline,germline,GRCh37,NC_000014.8,14,23886123,23886123,na,na,14q11.2,"criteria provided, single submitter",1,"ACMG2013,ACMG2016,ACMG2021,ACMG2022",N,ClinGen:CA389038059,2,2780272,23886123,A,G,-,-,-,-,-,-,SCV004375695,-,-
565687,Duplication,NM_001242.5(CD27):c.239dup (p.His80fs),939,CD27,HGNC:11922,Pathogenic,1,"Jan 05, 2026",748418658,-,RCV000701415,"MONDO:MONDO:0014054,MedGen:C3554540,OMIM:615122,Orphanet:238505",Lymphoproliferative syndrome 2,germline,germline,GRCh37,NC_000012.11,12,6554691,6554692,na,na,12p13.31,"criteria provided, single submitter",1,-,N,ClinGen:CA6406910,2,578414,6554691,C,CA,-,-,-,-,-,-,SCV000830216,-,-
254880,single nucleotide variant,NM_001376.5(DYNC1H1):c.9469-20A>T,1778,DYNC1H1,HGNC:2961,Benign,0,"Feb 03, 2026",2720210,-,RCV000249467|RCV001173218|RCV002058043|RCV001675712,"MedGen:CN169374|MONDO:MONDO:0015626,MedGen:C0007959,OMIM:PS118220,Orphanet:166|MONDO:MONDO:0013644,MedGen:C3280220,OMIM:614228,Orphanet:284232|MedGen:C3661900",not specified|Charcot-Marie-Tooth disease|Charcot-Marie-Tooth disease axonal type 2O|not provided,germline,germline,GRCh37,NC_000014.8,14,102495856,102495856,na,na,14q32.31,"criteria provided, multiple submitters, no conflicts",8,-,N,ClinGen:CA7353233,2,258076,102495856,A,T,-,-,-,-,-,-,SCV000307856|SCV001336299|SCV001895038|SCV002405877|SCV005294103,-,-
375923,single nucleotide variant,NM_004046.6(ATP5F1A):c.310-18A>G,498,ATP5F1A,HGNC:823,Benign,0,"Feb 03, 2026",2298787,-,RCV000425071|RCV002230234,MedGen:CN169374|MedGen:C3661900,not specified|not provided,germline,germline,GRCh37,NC_000018.9,18,43669980,43669980,na,na,18q21.1,"criteria provided, multiple submitters, no conflicts",3,-,N,ClinGen:CA8950834,2,377534,43669980,T,C,-,-,-,-,-,-,SCV000512201|SCV002510856|SCV005250143,-,-
621282,single nucleotide variant,NM_152419.3(HGSNAT):c.204C>T (p.Thr68=),138050,HGSNAT,HGNC:26527,Benign,0,"Jan 26, 2026",199816365,-,RCV000780342|RCV000972777,"MedGen:CN169374|MONDO:MONDO:0009657,MedGen:C0086649,OMIM:252930,Orphanet:581,Orphanet:79271;MONDO:MONDO:0014687,MedGen:C4225287,OMIM:616544,Orphanet:791","not specified|Mucopolysaccharidosis, MPS-III-C;Retinitis pigmentosa 73",germline,germline,GRCh37,NC_000008.10,8,43002176,43002176,na,na,8p11.21,"criteria provided, multiple submitters, no conflicts",2,-,N,ClinGen:CA4736444,2,632856,43002176,C,T,-,-,-,-,-,-,SCV000917525|SCV001120503,-,-
622627,Deletion,NM_000546.6(TP53):c.439del (p.Val147fs),7157,TP53,HGNC:11998,Pathogenic,1,"Jan 28, 2026",1567553924,-,RCV000785251|RCV004027336|RCV003509607|RCV005051827|RCV004678822,"Human Phenotype Ontology:HP:0100615,MONDO:MONDO:0021068,MeSH:D010051,MedGen:C0919267|Gene:553989,MedGen:C1835398,OMIM:151623,Orphanet:524|MONDO:MONDO:0018875,MedGen:C0085390,OMIM:PS151623,Orphanet:524|MedGen:C3661900|MONDO:MONDO:0015356,MeSH:D009386,MedGen:C0027672,Orphanet:140162",Ovarian neoplasm|Li-Fraumeni syndrome 1|Li-Fraumeni syndrome|not provided|Hereditary cancer-predisposing syndrome,germline;somatic;unknown,germline/somatic,GRCh37,NC_000017.10,17,7578491,7578491,na,na,17p13.1,"criteria provided, multiple submitters, no conflicts",5,"ACMG2013,ACMG2016,ACMG2021,ACMG2022",N,ClinGen:CA497925684,2,634668,7578490,AC,A,-,-,-,-,-,-,SCV004334080|SCV004932829|SCV005177911|SCV005685930,-,-
715868,single nucleotide variant,NM_005993.5(TBCD):c.3561C>T (p.Pro1187=),6904,TBCD,HGNC:11581,Benign,0,"Feb 04, 2026",116448126,-,RCV000965399,MedGen:C3661900,not provided,germline,germline,GRCh37,NC_000017.10,17,80899356,80899356,na,na,17q25.3,"criteria provided, multiple submitters, no conflicts",2,-,N,ClinGen:CA8863690,2,783797,80899356,C,T,-,-,-,-,-,-,SCV001112665|SCV005254651,-,-
320017,single nucleotide variant,NM_000218.3(KCNQ1):c.*875A>G,3784,KCNQ1,HGNC:6294,Benign,0,"Jan 15, 2026",8234,-,RCV000306710|RCV000345978|RCV000376159|RCV000403219|RCV001511445|RCV001718616,"MONDO:MONDO:0100316,MedGen:C4551647,OMIM:192500,Orphanet:101016,Orphanet:768|MONDO:MONDO:0012313,MedGen:C1865019,OMIM:609621,Orphanet:51083|MONDO:MONDO:0024540,MedGen:C4551509,OMIM:220400,Orphanet:768,Orphanet:90647|MONDO:MONDO:0011857,MedGen:C1837014,OMIM:607554|MONDO:MONDO:0002442,MeSH:D008133,MedGen:C0023976|MedGen:C3661900","Long QT syndrome 1|Short QT syndrome type 2|Jervell and Lange-Nielsen syndrome 1|Atrial fibrillation, familial, 3|Long QT syndrome|not provided",germline,germline,GRCh37,NC_000011.9,11,2870108,2870108,na,na,11p15.4,"criteria provided, multiple submitters, no conflicts",4,"ACMG2013,ACMG2016,ACMG2021,ACMG2022",N,ClinGen:CA041073,2,304262,2870108,A,G,-,-,-,-,-,-,SCV000370564|SCV000370566|SCV000370567|SCV000370568|SCV001718688|SCV001949022|SCV005321368,-,-
519639,single nucleotide variant,NM_153460.4(IL17RC):c.951C>T (p.Asp317=),84818,IL17RC,HGNC:18358,Benign,0,"Jan 25, 2026",151110374,-,RCV000652977|RCV005639176,"MONDO:MONDO:0014642,MedGen:C4225324,OMIM:616445,Orphanet:1334|MedGen:C3661900","Candidiasis, familial, 9|not provided",germline,germline,GRCh37,NC_000003.11,3,9970062,9970062,na,na,3p25.3,"criteria provided, multiple submitters, no conflicts",2,-,N,ClinGen:CA2247076,2,542547,9970062,C,T,-,-,-,-,-,-,SCV000774850|SCV006328043,-,-
1153291,single nucleotide variant,NM_145167.3(PIGM):c.1095T>A (p.Phe365Leu),93183,PIGM,HGNC:18858,Benign,0,"Feb 02, 2026",12409352,-,RCV001510279|RCV001615173|RCV006443985,"MONDO:MONDO:0012465,MedGen:C5201145,OMIM:610293,Orphanet:83639|MedGen:C3661900|MedGen:CN169374",Hypercoagulability syndrome due to glycosylphosphatidylinositol deficiency|not provided|not specified,germline,germline,GRCh37,NC_000001.10,1,160000435,160000435,na,na,1q23.2,"criteria provided, multiple submitters, no conflicts",4,-,N,ClinGen:CA1192933,2,1164402,160000435,A,T,-,-,-,-,-,-,SCV001717280|SCV001842301|SCV005282954|SCV007300908,-,-
255205,single nucleotide variant,NM_138477.4(CDAN1):c.816C>A (p.Thr272=),146059,CDAN1,HGNC:1713,Benign,0,"Feb 04, 2026",76599133,-,RCV000245875|RCV001000319|RCV001597027|RCV001801671,"MedGen:CN169374|MONDO:MONDO:0020337,MedGen:C0271933,Orphanet:98869|MedGen:C3661900|MONDO:MONDO:0009135,MedGen:C5574667,OMIM:224120","not specified|Congenital dyserythropoietic anemia, type I|not provided|Anemia, congenital dyserythropoietic, type 1a",germline,germline,GRCh37,NC_000015.9,15,43027835,43027835,na,na,15q15.2,"criteria provided, multiple submitters, no conflicts",7,-,N,ClinGen:CA7516261,2,262380,43027835,G,T,-,-,-,-,-,-,SCV000315743|SCV000391117|SCV001157009|SCV001830131|SCV002381030|SCV005289951|SCV007316208,-,-
1234158,single nucleotide variant,NM_017563.5(IL17RD):c.660T>C (p.His220=),54756,IL17RD,HGNC:17616,Benign,0,"Feb 04, 2026",1545981,-,RCV001644285|RCV001730896,"MedGen:C3661900|MONDO:MONDO:0014103,MedGen:C3808975,OMIM:615267,Orphanet:478",not provided|Hypogonadotropic hypogonadism 18 with or without anosmia,germline,germline,GRCh37,NC_000003.11,3,57139972,57139972,na,na,3p14.3,"criteria provided, multiple submitters, no conflicts",4,-,N,ClinGen:CA2462976,2,1243386,57139972,A,G,-,-,-,-,-,-,SCV001858639|SCV001980768|SCV002407098|SCV005301458,-,-
477723,Deletion,NM_024675.4(PALB2):c.1031del (p.Asn344fs),79728,PALB2,HGNC:26144,Pathogenic,1,"Jan 29, 2026",1485260432,-,RCV000570666|RCV000690752,"MONDO:MONDO:0015356,MeSH:D009386,MedGen:C0027672,Orphanet:140162|MONDO:MONDO:0016419,MedGen:C0346153,OMIM:114480,Orphanet:227535",Hereditary cancer-predisposing syndrome|Familial cancer of breast,germline;unknown,germline,GRCh37,NC_000016.9,16,23646836,23646836,na,na,16p12.2,"criteria provided, multiple submitters, no conflicts",4,"ACMG2021,ACMG2022",N,ClinGen:CA621661750,2,480252,23646835,GT,G,-,-,-,-,-,-,SCV000663350|SCV000818454|SCV001734286|SCV007613055,-,-
105456,Duplication,NM_000372.5(TYR):c.458dup (p.Gly154fs),7299,TYR,HGNC:12442,Pathogenic,1,"Jan 29, 2026",61753258,-,RCV000085950|RCV006645795,"MedGen:C3661900|MONDO:MONDO:0008745,MedGen:C4551504,OMIM:203100,Orphanet:352731,Orphanet:79431",not provided|Oculocutaneous albinism type 1A,unknown,unknown,GRCh37,NC_000011.9,11,88911578,88911579,na,na,11q14.3,"criteria provided, single submitter",2,-,N,ClinGen:CA227566,2,99567,88911578,A,AT,-,-,-,-,-,-,SCV007538296,-,-
4924701,Deletion,NM_005654.6(NR2F1):c.1036_1038del (p.Glu346del),7025,NR2F1,HGNC:7975,Pathogenic,1,"Mar 05, 2026",-1,-,RCV006635165,"MONDO:MONDO:0014320,MedGen:C3810363,OMIM:615722,Orphanet:401777",Bosch-Boonstra-Schaaf optic atrophy syndrome,unknown,unknown,GRCh37,NC_000005.9,5,92929310,92929312,na,na,5q15,"criteria provided, single submitter",1,-,N,-,2,4813542,92929309,CAGG,C,-,-,-,-,-,-,SCV007519223,-,-
18505,single nucleotide variant,NM_001368894.2(PAX6):c.649C>T (p.Arg217Ter),5080,PAX6,HGNC:8620,Pathogenic,1,"Jan 01, 2026",121907916,-,RCV000003631|RCV000543409|RCV000790810|RCV004955249,"MONDO:MONDO:0024507,MedGen:C0344542,OMIM:106210,Orphanet:250923|Human Phenotype Ontology:HP:0000659,MONDO:MONDO:0011414,MedGen:C0344559,OMIM:604229,Orphanet:708;MONDO:MONDO:0024507,MedGen:C0344542,OMIM:106210,Orphanet:250923|MedGen:C3661900|MeSH:D030342,MedGen:C0950123",Aniridia 1|Irido-corneo-trabecular dysgenesis;Aniridia 1|not provided|Inborn genetic diseases,de novo;germline;inherited;maternal;unknown,germline,GRCh37,NC_000011.9,11,31816253,31816253,na,na,11p13,"criteria provided, multiple submitters, no conflicts",9,-,N,"ClinGen:CA220596,OMIM:607108.0008",3,3466,31816253,G,A,-,-,-,-,-,-,SCV000232507|SCV000632667|SCV000692534|SCV001055778|SCV001790146|SCV005463095|SCV007546479,-,-
29202,single nucleotide variant,NM_005373.3(MPL):c.1514G>A (p.Ser505Asn),4352,MPL,HGNC:7217,Pathogenic,1,"Jan 06, 2026",121913614,-,RCV000015226|RCV001543455|RCV005606635|RCV006555325,"MONDO:MONDO:0011173,MedGen:C3275998,OMIM:601977|MedGen:C3661900|MONDO:MONDO:0800451,MedGen:C1327915,OMIM:PS604498,Orphanet:3319|MONDO:MONDO:0800451,MedGen:C1327915,OMIM:PS604498,Orphanet:3319;MONDO:MONDO:0005029,MeSH:D013920,MedGen:C0040028,Orphanet:3318",Thrombocythemia 2|not provided|Congenital amegakaryocytic thrombocytopenia|Congenital amegakaryocytic thrombocytopenia;Essential thrombocythemia,germline,germline,GRCh37,NC_000001.10,1,43814979,43814979,na,na,1p34.2,"criteria provided, multiple submitters, no conflicts",5,-,Y,"ClinGen:CA123790,UniProtKB:P40238#VAR_067559,OMIM:159530.0010",3,14163,43814979,G,A,-,-,-,-,-,-,SCV001762033|SCV006098945|SCV006284276|SCV007477910,-,-
256618,single nucleotide variant,NM_015295.3(SMCHD1):c.174G>C (p.Ala58=),23347,SMCHD1,HGNC:29090,Benign,0,"Feb 04, 2026",2430853,-,RCV000243018|RCV000993029|RCV001510266|RCV001808706,"MedGen:CN169374|MedGen:C3661900|MONDO:MONDO:0008031,MedGen:C1834671,OMIM:158901,Orphanet:269|MONDO:MONDO:0011323,MedGen:C1863878,OMIM:603457,Orphanet:1135,Orphanet:2250",not specified|not provided|Facioscapulohumeral muscular dystrophy 2|Arrhinia with choanal atresia and microphthalmia syndrome,germline,germline,GRCh37,NC_000018.9,18,2656248,2656248,na,na,18p11.32,"criteria provided, multiple submitters, no conflicts",8,-,N,ClinGen:CA8870474,2,260632,2656248,G,C,-,-,-,-,-,-,SCV000312509|SCV000340767|SCV001145725|SCV001717261|SCV001889181|SCV002057466|SCV005254666|SCV007309980,-,-
46864,single nucleotide variant,NM_000021.4(PSEN1):c.806G>A (p.Arg269His),5663,PSEN1,HGNC:9508,Pathogenic,1,"Jan 27, 2026",63750900,-,RCV000031858|RCV000084374|RCV000689465,"MONDO:MONDO:0011743,MedGen:C1847200,OMIM:606889,Orphanet:1020|MedGen:C3661900|MONDO:MONDO:0013398,MedGen:C3151038,OMIM:613737;Human Phenotype Ontology:HP:0002145,MONDO:MONDO:0017276,MedGen:C0338451,OMIM:600274,Orphanet:282;MONDO:MONDO:0011913,MedGen:C1843013,OMIM:607822,Orphanet:1020;MONDO:MONDO:0008243,MedGen:C0236642,OMIM:172700,Orphanet:282","Alzheimer disease 4|not provided|Acne inversa, familial, 3;Frontotemporal dementia;Alzheimer disease 3;Pick disease",germline;unknown,germline,GRCh37,NC_000014.8,14,73664775,73664775,na,na,14q24.2,"criteria provided, multiple submitters, no conflicts",6,-,N,"ClinGen:CA225122,UniProtKB:P49768#VAR_006448",3,38297,73664775,G,A,-,-,-,-,-,-,SCV000817117|SCV001248748|SCV002770536|SCV005879218,-,-
4963467,single nucleotide variant,"POC1B, TYR224TER",282809,POC1B,HGNC:30836,Pathogenic,1,"Jun 02, 2026",-1,-,RCV006700003,"MONDO:MONDO:0014427,MedGen:C4014856,OMIM:615973,Orphanet:1872",Cone-rod dystrophy 20,germline,germline,na,na,na,-1,-1,na,na,-,no assertion criteria provided,1,-,N,OMIM:614784.0007,1,4852520,-1,na,na,-,-,-,-,-,-,SCV007601272,-,-
4983623,Insertion,NM_025137.4(SPG11):c.2284_2285insGAA (p.Tyr762Ter),80208,SPG11,HGNC:11226,Pathogenic,1,"Jun 01, 2026",-1,-,RCV006733238,MedGen:C3661900,not provided,germline,germline,GRCh37,NC_000015.9,15,44914957,44914958,na,na,15q21.1,"criteria provided, single submitter",1,-,N,-,2,4874455,44914957,T,TTTC,-,-,-,-,-,-,SCV007643744,-,-
1155059,single nucleotide variant,NM_002185.5(IL7R):c.283G>A (p.Glu95Lys),3575,IL7R,HGNC:6024,Benign,0,"Jan 19, 2026",191585195,-,RCV001513055,"MONDO:MONDO:0012163,MedGen:C5676890,OMIM:608971",Immunodeficiency 104,germline,germline,GRCh37,NC_000005.9,5,35867469,35867469,na,na,5p13.2,"criteria provided, single submitter",1,-,N,ClinGen:CA3231900,2,1165711,35867469,G,A,-,-,-,-,-,-,SCV001720588,-,-
363377,single nucleotide variant,NM_006218.4(PIK3CA):c.1030G>A (p.Val344Met),5290,PIK3CA,HGNC:8975,Pathogenic,1,"Mar 28, 2026",1057519942,-,RCV000485942|RCV000631216|RCV000767535|RCV000852337|RCV003985084|RCV004955473|RCV006648427,"MedGen:C3661900|MONDO:MONDO:0016063,MedGen:C0018553,OMIM:PS158350,Orphanet:201|MONDO:MONDO:0014047,MedGen:C3554518,OMIM:615108,Orphanet:201|Human Phenotype Ontology:HP:0009110,Human Phenotype Ontology:HP:0009114,MONDO:MONDO:0006726,MeSH:D003965,MedGen:C0011981;MONDO:MONDO:0007961,MedGen:C3805727,OMIM:155350;Human Phenotype Ontology:HP:0100668,MedGen:C0266166;Human Phenotype Ontology:HP:0009553,MedGen:C4024297;Human Phenotype Ontology:HP:0000316,Human Phenotype Ontology:HP:0000578,Human Phenotype Ontology:HP:0002001,Human Phenotype Ontology:HP:0004657,Human Phenotype Ontology:HP:0007871,MedGen:C0020534,OMIM:145400|MONDO:MONDO:1040002,MedGen:C4728213,Orphanet:530313|MeSH:D030342,MedGen:C0950123|","not provided|Cowden syndrome|Cowden syndrome 5|Diaphragmatic eventration;Megalencephaly, autosomal dominant;Intestinal duplication;Abnormality of the hairline;Hypertelorism|PIK3CA related overgrowth syndrome|Inborn genetic diseases|PIK3CA constitutional syndrome",de novo;germline;unknown,germline,GRCh37,NC_000003.11,3,178921548,178921548,na,na,3q26.32,"criteria provided, multiple submitters, no conflicts",10,-,N,ClinGen:CA16602930,2,376498,178921548,G,A,-,-,-,-,-,-,SCV000569339|SCV000752230|SCV000898153|SCV002581519|SCV003835708|SCV003916859|SCV004801565|SCV005468931|SCV007540336,-,-
99160,single nucleotide variant,NM_000540.3(RYR1):c.13671C>G (p.Ser4557=),6261,RYR1,HGNC:10483,Benign,0,"Feb 04, 2026",35959206,-,RCV000079130|RCV000119482|RCV000277839|RCV000391147|RCV000539934,"MedGen:CN169374|MedGen:C3661900|Human Phenotype Ontology:HP:0003789,Human Phenotype Ontology:HP:0003804,MONDO:MONDO:0009712,MedGen:C1850674,OMIM:255320,Orphanet:598,Orphanet:98905|MONDO:MONDO:0007783,MedGen:C2930980,OMIM:145600,Orphanet:423|MedGen:CN239331","not specified|not provided|Congenital multicore myopathy with external ophthalmoplegia|Malignant hyperthermia, susceptibility to, 1|RYR1-related disorder",germline;unknown,germline,GRCh37,NC_000019.9,19,39061258,39061258,na,na,19q13.2,"criteria provided, multiple submitters, no conflicts",14,"ACMG2013,ACMG2016,ACMG2021,ACMG2022",N,ClinGen:CA024062,2,93253,39061258,C,G,-,-,-,-,-,-,SCV000110999|SCV000194805|SCV000304827|SCV000412984|SCV000412987|SCV000522810|SCV000659823|SCV000711712|SCV004358215|SCV005310897|SCV005620975|SCV007312971,-,-
195195,single nucleotide variant,NM_000030.3(AGXT):c.654G>A (p.Ser218=),189,AGXT,HGNC:341,Benign,0,"Feb 04, 2026",33958047,-,RCV000179243|RCV000186247|RCV000843410,"MedGen:CN169374|MONDO:MONDO:0009823,MedGen:C0268164,OMIM:259900,Orphanet:416,Orphanet:93598|MedGen:C3661900","not specified|Primary hyperoxaluria, type I|not provided",germline;unknown,germline,GRCh37,NC_000002.11,2,241813453,241813453,na,na,2q37.3,"criteria provided, multiple submitters, no conflicts",11,-,N,ClinGen:CA203191,2,198034,241813453,G,A,-,-,-,-,-,-,SCV000231459|SCV000301572|SCV000429367|SCV000985445|SCV001728599|SCV001761741|SCV002796022|SCV005242883|SCV007327736,-,-
998621,single nucleotide variant,NM_001022.4(RPS19):c.53T>C (p.Leu18Pro),6223,RPS19,HGNC:10402,Pathogenic,1,"Jan 25, 2026",2074021310,-,RCV001303198,"Human Phenotype Ontology:HP:0004810,Human Phenotype Ontology:HP:0005545,MONDO:MONDO:0015253,MeSH:D029503,MedGen:C1260899,OMIM:PS105650,Orphanet:124",Diamond-Blackfan anemia,germline,germline,GRCh37,NC_000019.9,19,42364897,42364897,na,na,19q13.2,"criteria provided, single submitter",1,-,N,ClinGen:CA406046323,2,1006194,42364897,T,C,-,-,-,-,-,-,SCV001492437,-,-
4931682,Duplication,NM_016628.5(WAC):c.1440dup (p.Ser481Ter),51322,WAC,HGNC:17327,Pathogenic,1,"Apr 22, 2026",-1,-,RCV006653024,-,Paediatric disorders,germline,germline,GRCh37,NC_000010.10,10,28903496,28903497,na,na,10p12.1,"criteria provided, single submitter",1,-,N,-,2,4820587,28903496,G,GT,-,-,-,-,-,-,SCV007542444,-,-
955211,Deletion,NM_000501.4(ELN):c.278del (p.Pro93fs),2006,ELN,HGNC:3327,Pathogenic,1,"Jan 22, 2026",1791508570,-,RCV001241642|RCV006708531,"Human Phenotype Ontology:HP:0004381,MONDO:MONDO:0008504,MedGen:C0003499,OMIM:185500,Orphanet:3193|",Supravalvar aortic stenosis|Thoracic aortic aneurysm or dissection,germline,germline,GRCh37,NC_000007.13,7,73456988,73456988,na,na,7q11.23,"criteria provided, multiple submitters, no conflicts",2,-,N,ClinGen:CA1139659779,2,966863,73456987,GC,G,-,-,-,-,-,-,SCV001414673|SCV007614636,-,-
950284,Microsatellite,NM_173477.5(USH1G):c.111_112del (p.Trp38fs),124590,USH1G,HGNC:16356,Pathogenic,1,"Jan 19, 2026",1567941869,-,RCV001238487,MedGen:C3661900,not provided,germline,germline,GRCh37,NC_000017.10,17,72919057,72919058,na,na,17q25.1,"criteria provided, multiple submitters, no conflicts",2,-,N,ClinGen:CA627592540,2,964294,72919056,CAG,C,-,-,-,-,-,-,SCV001411301|SCV004184711,-,-
135050,single nucleotide variant,NM_004268.5(MED17):c.516C>T (p.Thr172=),9440,MED17,HGNC:2375,Benign,0,"Feb 02, 2026",7119915,-,RCV000117612|RCV001520098|RCV001831907,"MedGen:CN169374|MedGen:C3661900|MONDO:MONDO:0013351,MedGen:C3150921,OMIM:613668,Orphanet:402364",not specified|not provided|Infantile cerebral and cerebellar atrophy with postnatal progressive microcephaly,germline,germline,GRCh37,NC_000011.9,11,93523838,93523838,na,na,11q21,"criteria provided, multiple submitters, no conflicts",6,-,N,ClinGen:CA153685,2,129604,93523838,C,T,-,-,-,-,-,-,SCV001729114|SCV001887078|SCV005237639|SCV007308437,-,-
47481,single nucleotide variant,NM_000532.5(PCCB):c.1495C>T (p.Arg499Ter),5096,PCCB,HGNC:8654,Pathogenic,1,"Jan 18, 2026",202247820,-,RCV000032127|RCV001090670,"Human Phenotype Ontology:HP:0003571,MONDO:MONDO:0011628,MedGen:C0268579,OMIM:606054,Orphanet:35|MedGen:C3661900",Propionic acidemia|not provided,germline;unknown,germline,GRCh37,NC_000003.11,3,136047696,136047696,na,na,3q22.3,"criteria provided, multiple submitters, no conflicts",8,-,N,ClinGen:CA343138,3,38878,136047696,C,T,-,-,-,-,-,-,SCV000697270|SCV000960094|SCV001246346|SCV002081497|SCV002800755|SCV004205230,-,-
44373,single nucleotide variant,NM_000053.4(ATP7B):c.2866-13G>C,540,ATP7B,HGNC:870,Benign,0,"Feb 04, 2026",7325983,-,RCV000029358|RCV000078045|RCV004706448,"MONDO:MONDO:0010200,MedGen:C0019202,OMIM:277900,Orphanet:905|MedGen:CN169374|MedGen:C3661900",Wilson disease|not specified|not provided,germline,germline,GRCh37,NC_000013.10,13,52520627,52520627,na,na,13q14.3,"criteria provided, multiple submitters, no conflicts",14,"ACMG2016,ACMG2021,ACMG2022",N,ClinGen:CA145678,2,35709,52520627,C,G,-,-,-,-,-,-,SCV000052005|SCV000109883|SCV000192334|SCV000301707|SCV000384665|SCV000518516|SCV000602594|SCV001729950|SCV001750134|SCV004362478|SCV005230369|SCV007313636,-,-
28322,single nucleotide variant,NM_000141.5(FGFR2):c.868T>C (p.Trp290Arg),2263,FGFR2,HGNC:3689,Pathogenic,1,"Jan 28, 2026",121918501,-,RCV000014205|RCV000537718|RCV001549469,"Human Phenotype Ontology:HP:0004439,MONDO:MONDO:0007405,MeSH:D003394,MedGen:C0010273,OMIM:123500,Orphanet:207|MedGen:CN231480|MedGen:C3661900",Crouzon syndrome|FGFR2-related craniosynostosis|not provided,germline,germline,GRCh37,NC_000010.10,10,123279564,123279564,na,na,10q26.13,"criteria provided, multiple submitters, no conflicts",8,-,N,"ClinGen:CA280185,UniProtKB:P21802#VAR_004125,OMIM:176943.0021",3,13283,123279564,A,G,-,-,-,-,-,-,SCV000328377|SCV000659622|SCV001437557|SCV001769625|SCV007610296,-,-
1929730,Duplication,NM_006030.4(CACNA2D2):c.1985-14dup,9254,CACNA2D2,HGNC:1400,Benign,0,"Jan 05, 2026",1260540618,-,RCV006472713,"MONDO:MONDO:0800491,MedGen:C0393706,Orphanet:1934",Early-infantile DEE,germline,germline,GRCh37,NC_000003.11,3,50407824,50407825,na,na,3p21.31,"criteria provided, single submitter",1,-,N,ClinGen:CA352919278,2,2195363,50407824,C,CG,-,-,-,-,-,-,SCV003515388,-,-
2109611,Duplication,NM_005359.6(SMAD4):c.391dup (p.Tyr131fs),4089,SMAD4,HGNC:6770,Pathogenic,1,"Jan 06, 2026",2511369682,-,RCV002942209,"MONDO:MONDO:0017380,MedGen:C0345893,OMIM:174900,Orphanet:2929",Juvenile polyposis syndrome,germline,germline,GRCh37,NC_000018.9,18,48575196,48575197,na,na,18q21.2,"criteria provided, single submitter",1,"ACMG2016,ACMG2021,ACMG2022",N,ClinGen:CA2580095876,2,2058203,48575196,A,AT,-,-,-,-,-,-,SCV003269015,-,-
2880021,single nucleotide variant,NM_005334.3(HCFC1):c.6069-20T>C,3054,HCFC1,HGNC:4839,Benign,0,"Jan 11, 2026",377160085,-,RCV003522192,"MONDO:MONDO:0010657,MedGen:C0796208,OMIM:309541,Orphanet:369962","Methylmalonic acidemia with homocystinuria, type cblX",germline,germline,GRCh37,NC_000023.10,X,153214857,153214857,na,na,Xq28,"criteria provided, single submitter",1,-,N,ClinGen:CA10556661,2,2716475,153214857,A,G,-,-,-,-,-,-,SCV004270709,-,-
4898504,Insertion,NM_025114.4(CEP290):c.5981_5982insC (p.Leu1994_Asp1995insTer),80184,CEP290,HGNC:29021,Pathogenic,1,"Jan 09, 2026",-1,-,RCV006595516,"MONDO:MONDO:0018921,MedGen:C0265215,OMIM:PS249000,Orphanet:564;MONDO:MONDO:0018772,MedGen:C5979921,OMIM:PS213300,Orphanet:475;Human Phenotype Ontology:HP:0000090,Human Phenotype Ontology:HP:0004748,MONDO:MONDO:0019005,MedGen:C0687120,OMIM:PS256100,Orphanet:655",Meckel-Gruber syndrome;Joubert syndrome;Nephronophthisis,germline,germline,GRCh37,NC_000012.11,12,88465100,88465101,na,na,12q21.32,"criteria provided, single submitter",1,-,N,-,2,4787224,88465100,A,AG,-,-,-,-,-,-,SCV007481798,-,-
1060484,Duplication,NM_002439.5(MSH3):c.1575dup (p.Lys526Ter),4437,MSH3,HGNC:7326,Pathogenic,1,"Jan 20, 2026",2112866746,-,RCV001386855|RCV003458693,"MedGen:C3661900|MONDO:MONDO:0044300,MedGen:C4310719,OMIM:617100,Orphanet:480536",not provided|Familial adenomatous polyposis 4,germline;unknown,germline,GRCh37,NC_000005.9,5,80037285,80037286,na,na,5q14.1,"criteria provided, multiple submitters, no conflicts",2,-,N,ClinGen:CA2499217945,2,1073766,80037285,A,AT,-,-,-,-,-,-,SCV001587233|SCV004189155,-,-
253946,single nucleotide variant,NM_016341.4(PLCE1):c.6324C>G (p.Val2108=),51196,PLCE1,HGNC:17175,Benign,0,"Feb 01, 2026",942676,-,RCV000241871|RCV000384353|RCV001689877,"MedGen:CN169374|MONDO:MONDO:0012546,MedGen:C1853124,OMIM:610725,Orphanet:656|MedGen:C3661900","not specified|Nephrotic syndrome, type 3|not provided",germline,germline,GRCh37,NC_000010.10,10,96076495,96076495,na,na,10q23.33,"criteria provided, multiple submitters, no conflicts",7,-,N,ClinGen:CA5613544,2,260729,96076495,C,G,-,-,-,-,-,-,SCV000312692|SCV000366253|SCV001913945|SCV002407831|SCV005087786|SCV005324043|SCV007305871,-,-
1235658,single nucleotide variant,NM_005012.4(ROR1):c.1553C>T (p.Thr518Met),4919,ROR1,HGNC:10256,Benign,0,"Feb 03, 2026",7527017,-,RCV001656341|RCV001796647,"MedGen:C3661900|MONDO:MONDO:0033200,MedGen:C4539997,OMIM:617654","not provided|Hearing loss, autosomal recessive 108",germline,germline,GRCh37,NC_000001.10,1,64643277,64643277,na,na,1p31.3,"criteria provided, multiple submitters, no conflicts",4,-,N,ClinGen:CA890304,2,1246995,64643277,C,T,-,-,-,-,-,-,SCV001862530|SCV002033667|SCV002407695|SCV005287328,-,-
2025785,single nucleotide variant,NM_014975.3(MAST1):c.1367-15T>C,22983,MAST1,HGNC:19034,Benign,0,"Feb 01, 2026",7256794,-,RCV002735661,MedGen:C3661900,not provided,germline,germline,GRCh37,NC_000019.9,19,12975608,12975608,na,na,19p13.13,"criteria provided, single submitter",1,-,N,ClinGen:CA9232892,2,1970945,12975608,T,C,-,-,-,-,-,-,SCV003011365,-,-
696008,single nucleotide variant,NM_006341.4(MAD2L2):c.399C>T (p.Cys133=),10459,MAD2L2,HGNC:6764,Benign,0,"Feb 02, 2026",2233020,-,RCV000946445|RCV003970660,MedGen:C3661900|,not provided|MAD2L2-related disorder,germline,germline,GRCh37,NC_000001.10,1,11736131,11736131,na,na,1p36.22,"criteria provided, single submitter",2,-,N,ClinGen:CA593757,2,767652,11736131,G,A,-,-,-,-,-,-,SCV001092581,-,-
4933881,Duplication,NM_014991.6(WDFY3):c.3370dup (p.Thr1124fs),23001,WDFY3,HGNC:20751,Pathogenic,1,"Feb 01, 2026",-1,-,RCV006654230,MedGen:C3661900,not provided,germline,germline,GRCh37,NC_000004.11,4,85715788,85715789,na,na,4q21.23,"criteria provided, single submitter",1,-,N,-,2,4822788,85715788,G,GT,-,-,-,-,-,-,SCV007549816,-,-
250601,single nucleotide variant,NM_000092.5(COL4A4):c.2899A>G (p.Ile967Val),1286,COL4A4,HGNC:2206,Benign,0,"May 01, 2026",80243096,-,RCV000251989|RCV000352823|RCV000576420|RCV000962008|RCV002294113,"MedGen:CN169374|MONDO:MONDO:0018965,MedGen:C1567741,OMIM:PS301050,Orphanet:63|MONDO:MONDO:0008762,MedGen:C4746745,OMIM:203780,Orphanet:63,Orphanet:88919|MedGen:C3661900|Human Phenotype Ontology:HP:0000097,Human Phenotype Ontology:HP:0004747,MONDO:MONDO:0100313,MedGen:C0017668",not specified|Alport syndrome|Autosomal recessive Alport syndrome|not provided|Focal segmental glomerulosclerosis,germline,germline,GRCh37,NC_000002.11,2,227917090,227917090,na,na,2q36.3,"criteria provided, multiple submitters, no conflicts",13,-,N,ClinGen:CA2144686,2,255025,227917090,T,C,-,-,-,-,-,-,SCV000302106|SCV000428088|SCV000677181|SCV000711822|SCV000716957|SCV001109070|SCV002587239|SCV004699195|SCV005242791|SCV007325269,-,-
29079,single nucleotide variant,NM_000439.5(PCSK1):c.661A>G (p.Asn221Asp),5122,PCSK1,HGNC:8743,Benign,0,"Feb 04, 2026",6232,-,RCV000022673|RCV000731192|RCV001636601,"MedGen:C2676498,OMIM:612362|MedGen:CN169374|MedGen:C3661900",Body mass index quantitative trait locus 12|not specified|not provided,germline,germline,GRCh37,NC_000005.9,5,95751785,95751785,na,na,5q15,"criteria provided, multiple submitters, no conflicts",7,-,N,"ClinGen:CA128660,UniProtKB:P29120#VAR_013907,OMIM:162150.0005",3,14040,95751785,T,C,-,-,-,-,-,-,SCV000858974|SCV001851530|SCV002403687|SCV007325971,-,-
1544399,single nucleotide variant,NM_001366722.1(GRIP1):c.725-19A>G,23426,GRIP1,HGNC:18708,Benign,0,"Feb 04, 2026",12820901,-,RCV002122926|RCV005927845,MedGen:C3661900|MedGen:C0079744,"not provided|Malignant lymphoma, large B-cell, diffuse",germline;not applicable,germline,GRCh37,NC_000012.11,12,66859221,66859221,na,na,12q14.3,"criteria provided, multiple submitters, no conflicts",3,-,N,ClinGen:CA6674550,2,1598962,66859221,T,C,-,-,-,-,-,-,SCV002401036|SCV005231276,-,-
705698,single nucleotide variant,NM_001389.5(DSCAM):c.459G>A (p.Ala153=),1826,DSCAM,HGNC:3039,Benign,0,"Jun 01, 2026",79669041,-,RCV000958784,MedGen:C3661900,not provided,germline,germline,GRCh37,NC_000021.8,21,42064785,42064785,na,na,21q22.2,"criteria provided, multiple submitters, no conflicts",3,-,N,ClinGen:CA10031751,2,778181,42064785,C,T,-,-,-,-,-,-,SCV001105658|SCV004033911|SCV005310634,-,-
1213600,single nucleotide variant,NM_001447.3(FAT2):c.4384G>A (p.Val1462Met),2196,FAT2,HGNC:3596,Benign,0,"Feb 01, 2026",2278371,-,RCV001595856,MedGen:C3661900,not provided,germline,germline,GRCh37,NC_000005.9,5,150930345,150930345,na,na,5q33.1,"criteria provided, multiple submitters, no conflicts",2,-,N,ClinGen:CA3521556,2,1222038,150930345,C,T,-,-,-,-,-,-,SCV001829032|SCV003210520,-,-
1530352,single nucleotide variant,NM_016111.4(TELO2):c.1770+10C>T,9894,TELO2,HGNC:29099,Benign,0,"Feb 01, 2026",142803978,-,RCV002107158,MedGen:C3661900,not provided,germline,germline,GRCh37,NC_000016.9,16,1552772,1552772,na,na,16p13.3,"criteria provided, multiple submitters, no conflicts",2,-,N,ClinGen:CA7812303,2,1533212,1552772,C,T,-,-,-,-,-,-,SCV002329469|SCV005297118,-,-
231194,single nucleotide variant,NM_001039141.3(TRIOBP):c.4165C>A (p.Leu1389Ile),11078,TRIOBP,HGNC:17009,Benign,0,"Jan 25, 2026",144175566,-,RCV000222264|RCV000905229,MedGen:CN169374|MedGen:C3661900,not specified|not provided,germline,germline,GRCh37,NC_000022.10,22,38130508,38130508,na,na,22q13.1,"criteria provided, multiple submitters, no conflicts",4,-,N,ClinGen:CA10224330,2,227125,38130508,C,A,-,-,-,-,-,-,SCV000269910|SCV000306105|SCV000727303|SCV001049799,-,-
2425870,Deletion,NM_001040108.2(MLH3):c.2037_2038del (p.Ile679fs),27030,MLH3,HGNC:7128,Pathogenic,1,"Jun 03, 2026",2503280088,-,RCV004243239,MedGen:CN169374,not specified,germline,germline,GRCh37,NC_000014.8,14,75514321,75514322,na,na,14q24.3,"criteria provided, single submitter",1,-,N,ClinGen:CA2580088785,2,2448594,75514320,CTT,C,-,-,-,-,-,-,SCV003858031,-,-
732055,single nucleotide variant,NM_001006658.3(CR2):c.200C>G (p.Thr67Ser),1380,CR2,HGNC:2336,Benign,0,"Feb 02, 2026",45573035,-,RCV000906358|RCV004714155|RCV005907682|RCV005907681,"MONDO:MONDO:0013862,MedGen:C3542922,OMIM:614699,Orphanet:1572,Orphanet:696894|MedGen:C3661900|MedGen:C4721429|MedGen:C0024623","Immunodeficiency, common variable, 7|not provided|Thyroid cancer, nonmedullary, 1|Gastric cancer",germline;not applicable,germline,GRCh37,NC_000001.10,1,207640012,207640012,na,na,1q32.2,"criteria provided, multiple submitters, no conflicts",3,-,N,ClinGen:CA1368384,2,731403,207640012,C,G,-,-,-,-,-,-,SCV001050989|SCV005284813,-,-
71374,Deletion,NM_025114.4(CEP290):c.3175del (p.Lys1058_Ile1059insTer),80184,CEP290,HGNC:29021,Pathogenic,1,"Apr 08, 2026",62640570,-,RCV000050148|RCV001853068|RCV002504950|RCV003466924|RCV006695539,"MONDO:MONDO:0012626,MedGen:C1970161,OMIM:611134,Orphanet:564|MONDO:MONDO:0018772,MedGen:C5979921,OMIM:PS213300,Orphanet:475;MONDO:MONDO:0018921,MedGen:C0265215,OMIM:PS249000,Orphanet:564;Human Phenotype Ontology:HP:0000090,Human Phenotype Ontology:HP:0004748,MONDO:MONDO:0019005,MedGen:C0687120,OMIM:PS256100,Orphanet:655|MONDO:MONDO:0014442,MedGen:C2673874,OMIM:615991,Orphanet:110;MONDO:MONDO:0012723,MedGen:C1857821,OMIM:611755,Orphanet:65;MONDO:MONDO:0012626,MedGen:C1970161,OMIM:611134,Orphanet:564;MONDO:MONDO:0012432,MedGen:C1857780,OMIM:610188,Orphanet:2318;MONDO:MONDO:0012433,MedGen:C1857779,OMIM:610189,Orphanet:3156|MONDO:MONDO:0014442,MedGen:C2673874,OMIM:615991,Orphanet:110|","Meckel syndrome, type 4|Joubert syndrome;Meckel-Gruber syndrome;Nephronophthisis|Bardet-Biedl syndrome 14;Leber congenital amaurosis 10;Meckel syndrome, type 4;Joubert syndrome 5;Senior-Loken syndrome 6|Bardet-Biedl syndrome 14|Autosomal recessive CEP290-related disorders",germline;unknown,germline,GRCh37,NC_000012.11,12,88487681,88487681,na,na,12q21.32,"criteria provided, multiple submitters, no conflicts",6,-,N,ClinGen:CA144393,2,56735,88487680,AT,A,-,-,-,-,-,-,SCV002228964|SCV002813828|SCV004216534|SCV007539163|SCV007593860,-,-
265723,single nucleotide variant,NM_000093.5(COL5A1):c.2034+1G>A,1289,COL5A1,HGNC:2209,Pathogenic,1,"Feb 18, 2026",886042173,-,RCV000724902|RCV002229740|RCV002278263|RCV006650043,"MedGen:C3661900|MONDO:MONDO:0019567,MedGen:C0268335,OMIM:130000|MONDO:MONDO:0020066,MedGen:C0013720,OMIM:PS130000,Orphanet:98249|MedGen:CN230736","not provided|Ehlers-Danlos syndrome, classic type, 1|Ehlers-Danlos syndrome|Cardiovascular phenotype",germline,germline,GRCh37,NC_000009.11,9,137655584,137655584,na,na,9q34.3,"criteria provided, multiple submitters, no conflicts",6,-,N,ClinGen:CA10603896,2,281486,137655584,G,A,-,-,-,-,-,-,SCV000332288|SCV000755927|SCV001783113|SCV002565687|SCV006079641|SCV007541743,-,-
337689,single nucleotide variant,NM_001369369.1(FOXN1):c.1795G>C (p.Ala599Pro),8456,FOXN1,HGNC:12765,Benign,0,"Feb 04, 2026",532648,-,RCV000399481|RCV000436902|RCV001824737,"MONDO:MONDO:0011132,MedGen:C1866426,OMIM:601705,Orphanet:169095|MedGen:CN169374|MedGen:C3661900","T-cell immunodeficiency, congenital alopecia, and nail dystrophy|not specified|not provided",germline,germline,GRCh37,NC_000017.10,17,26864302,26864302,na,na,17q11.2,"criteria provided, multiple submitters, no conflicts",9,-,N,"ClinGen:CA8459626,UniProtKB:O15353#VAR_020026",2,322436,26864302,G,C,-,-,-,-,-,-,SCV000401491|SCV000516379|SCV000539192|SCV001727957|SCV001933588|SCV004233217|SCV005250965|SCV007317554,-,-
1177671,single nucleotide variant,NM_025114.4(CEP290):c.712G>T (p.Glu238Ter),80184,CEP290,HGNC:29021,Pathogenic,1,"Jan 11, 2026",2138086844,-,RCV001544696|RCV002495869|RCV003470860|RCV001882615|RCV004782757|RCV006637044,"MedGen:C3661900|MONDO:MONDO:0012432,MedGen:C1857780,OMIM:610188,Orphanet:2318;MONDO:MONDO:0014442,MedGen:C2673874,OMIM:615991,Orphanet:110;MONDO:MONDO:0012433,MedGen:C1857779,OMIM:610189,Orphanet:3156;MONDO:MONDO:0012723,MedGen:C1857821,OMIM:611755,Orphanet:65;MONDO:MONDO:0012626,MedGen:C1970161,OMIM:611134,Orphanet:564|MONDO:MONDO:0014442,MedGen:C2673874,OMIM:615991,Orphanet:110|MONDO:MONDO:0018772,MedGen:C5979921,OMIM:PS213300,Orphanet:475;Human Phenotype Ontology:HP:0000090,Human Phenotype Ontology:HP:0004748,MONDO:MONDO:0019005,MedGen:C0687120,OMIM:PS256100,Orphanet:655;MONDO:MONDO:0018921,MedGen:C0265215,OMIM:PS249000,Orphanet:564|MedGen:CN239314|MONDO:MONDO:0018998,MeSH:D057130,MedGen:C0339527,OMIM:PS204000,Orphanet:65","not provided|Joubert syndrome 5;Bardet-Biedl syndrome 14;Senior-Loken syndrome 6;Leber congenital amaurosis 10;Meckel syndrome, type 4|Bardet-Biedl syndrome 14|Joubert syndrome;Nephronophthisis;Meckel-Gruber syndrome|CEP290-related disorder|Leber congenital amaurosis",germline;unknown,germline,GRCh37,NC_000012.11,12,88523611,88523611,na,na,12q21.32,"criteria provided, multiple submitters, no conflicts",6,-,N,ClinGen:CA385985714,2,1185813,88523611,C,A,-,-,-,-,-,-,SCV001763871|SCV002204849|SCV002782582|SCV004216586|SCV005394252|SCV007526481,-,-
1574977,Deletion,NM_006531.5(IFT88):c.2003-14_2003-13del,8100,IFT88,HGNC:20606,Benign,0,"Jan 19, 2026",759871944,-,RCV002117030,MedGen:C3661900,not provided,germline,germline,GRCh37,NC_000013.10,13,21230490,21230491,na,na,13q12.11,"criteria provided, single submitter",1,-,N,ClinGen:CA6905624,2,1588434,21230489,CTT,C,-,-,-,-,-,-,SCV002397154,-,-
1841714,Deletion,NM_001040108.2(MLH3):c.2407del (p.Val803fs),27030,MLH3,HGNC:7128,Pathogenic,1,"Jun 03, 2026",2503270941,-,RCV004063434,MedGen:CN169374,not specified,germline,germline,GRCh37,NC_000014.8,14,75513952,75513952,na,na,14q24.3,"criteria provided, single submitter",1,-,N,ClinGen:CA2580088774,2,1790813,75513951,AC,A,-,-,-,-,-,-,SCV002736115,-,-
102013,single nucleotide variant,NM_024312.5(GNPTAB):c.1932A>G (p.Thr644=),79158,GNPTAB,HGNC:29670,Benign,0,"Feb 04, 2026",10778148,-,RCV000082189|RCV000268458|RCV000301696|RCV000585918|RCV001516228,"MedGen:CN169374|MONDO:MONDO:0009650,MedGen:C2673377,OMIM:252500,Orphanet:576|MONDO:MONDO:0018931,MedGen:C0033788,OMIM:252600,Orphanet:423461,Orphanet:577|MedGen:C3661900|MONDO:MONDO:0009650,MedGen:C2673377,OMIM:252500,Orphanet:576;MONDO:MONDO:0018931,MedGen:C0033788,OMIM:252600,Orphanet:423461,Orphanet:577",not specified|Mucolipidosis type II|Pseudo-Hurler polydystrophy|not provided|Mucolipidosis type II;Pseudo-Hurler polydystrophy,germline;unknown,germline,GRCh37,NC_000012.11,12,102158763,102158763,na,na,12q23.2,"criteria provided, multiple submitters, no conflicts",12,-,N,ClinGen:CA149254,2,96119,102158763,T,C,-,-,-,-,-,-,SCV000114135|SCV000314276|SCV000375422|SCV000375423|SCV000699450|SCV000969489|SCV001724475|SCV001749156|SCV001749311|SCV005235011,-,-
544126,Deletion,NM_138694.4(PKHD1):c.6383del (p.Ile2127_Leu2128insTer),5314,PKHD1,HGNC:9016,Pathogenic,1,"Jan 26, 2026",1405067373,-,RCV000673409|RCV003472155,"MONDO:MONDO:0009889,MeSH:D017044,MedGen:C0085548,Orphanet:731,Orphanet:8378|MONDO:MONDO:0033004,MedGen:C4540575,OMIM:263200",Autosomal recessive polycystic kidney disease|Polycystic kidney disease 4,germline;paternal;unknown,germline,GRCh37,NC_000006.11,6,51776704,51776704,na,na,6p12.2,"criteria provided, multiple submitters, no conflicts",7,-,N,ClinGen:CA567636103,2,557288,51776703,TA,T,-,-,-,-,-,-,SCV001425232|SCV001554610|SCV002078049|SCV004202279|SCV004293750|SCV005671824,-,-
4976524,single nucleotide variant,NM_002439.5(MSH3):c.1808C>G (p.Ser603Ter),4437,MSH3,HGNC:7326,Pathogenic,1,"Apr 29, 2026",-1,-,RCV006715021,"MONDO:MONDO:0015356,MeSH:D009386,MedGen:C0027672,Orphanet:140162",Hereditary cancer-predisposing syndrome,germline,germline,GRCh37,NC_000005.9,5,80057409,80057409,na,na,5q14.1,"criteria provided, single submitter",1,-,N,-,2,4860342,80057409,C,G,-,-,-,-,-,-,SCV007622396,-,-
32407,single nucleotide variant,NM_001844.5(COL2A1):c.823C>T (p.Arg275Cys),1280,COL2A1,HGNC:2200,Pathogenic,1,"Jan 16, 2026",121912876,-,RCV000018912|RCV000988828|RCV001385337|RCV003323361|RCV003228897|RCV006688360,"MONDO:MONDO:0012206,MedGen:C1836683,OMIM:609162,Orphanet:137678|MONDO:MONDO:0007160,MedGen:C2020284,OMIM:108300,Orphanet:828,Orphanet:90653|MedGen:C3661900|MONDO:MONDO:0008702,MedGen:C0220685,OMIM:200610,Orphanet:932,Orphanet:93296|Human Phenotype Ontology:HP:0008799,Human Phenotype Ontology:HP:0008807,MedGen:C1328407|",Spondyloepiphyseal dysplasia with metatarsal shortening|Stickler syndrome type 1|not provided|Achondrogenesis type II|Acetabular dysplasia|COL2A1-related skeletal disorder,germline;inherited;unknown,germline,GRCh37,NC_000012.11,12,48387824,48387824,na,na,12q13.11,"criteria provided, multiple submitters, no conflicts",10,-,N,"ClinGen:CA127158,UniProtKB:P02458#VAR_001739,OMIM:120140.0018",3,17368,48387824,G,A,-,-,-,-,-,-,SCV001138713|SCV001585157|SCV001814714|SCV001832467|SCV002574833|SCV002754582|SCV004029340|SCV006558567|SCV007591197,-,-
1154941,single nucleotide variant,NM_138348.6(OTULIN):c.325-18T>C,90268,OTULIN,HGNC:25118,Benign,0,"Jan 27, 2026",58610082,-,RCV001523097|RCV006457369,MedGen:C3661900|MedGen:CN169374,not provided|not specified,germline,germline,GRCh37,NC_000005.9,5,14681555,14681555,na,na,5p15.2,"criteria provided, multiple submitters, no conflicts",3,-,N,ClinGen:CA3208583,2,1170607,14681555,T,C,-,-,-,-,-,-,SCV001732755|SCV005299121|SCV007345583,-,-
421449,Deletion,NM_000094.4(COL7A1):c.887del (p.Gly296fs),1294,COL7A1,HGNC:2214,Pathogenic,1,"Jan 03, 2026",1131691385,-,RCV000493245|RCV001352751|RCV001273343,"MedGen:C3661900|MONDO:MONDO:0006543,MedGen:C0079294,Orphanet:303|MedGen:C2673612","not provided|Epidermolysis bullosa dystrophica|Epidermolysis bullosa dystrophica inversa, autosomal recessive",germline,germline,GRCh37,NC_000003.11,3,48630092,48630092,na,na,3p21.31,"criteria provided, multiple submitters, no conflicts",4,-,N,ClinGen:CA645369335,3,429443,48630091,AC,A,-,-,-,-,-,-,SCV000582019|SCV001547284|SCV001579520,-,-
283717,single nucleotide variant,NM_006343.3(MERTK):c.757+13T>C,10461,MERTK,HGNC:7027,Benign,0,"Feb 03, 2026",3761701,-,RCV000263768|RCV001518236|RCV001775771,"MONDO:MONDO:0019200,MeSH:D012174,MedGen:C0035334,OMIM:268000,OMIM:PS268000,Orphanet:791|MedGen:C3661900|MONDO:MONDO:0013469,MedGen:C3151228,OMIM:613862,Orphanet:791",Retinitis pigmentosa|not provided|Retinitis pigmentosa 38,germline,germline,GRCh37,NC_000002.11,2,112705157,112705157,na,na,2q13,"criteria provided, multiple submitters, no conflicts",5,-,N,ClinGen:CA1831145,2,330746,112705157,T,C,-,-,-,-,-,-,SCV000415947|SCV001726894|SCV001872537|SCV002014185|SCV005239504,-,-
256639,single nucleotide variant,NM_015295.3(SMCHD1):c.4629C>T (p.Gly1543=),23347,SMCHD1,HGNC:29090,Benign,0,"Feb 04, 2026",483547,-,RCV000250084|RCV001517102|RCV001668546,"MedGen:CN169374|MONDO:MONDO:0008031,MedGen:C1834671,OMIM:158901,Orphanet:269|MedGen:C3661900",not specified|Facioscapulohumeral muscular dystrophy 2|not provided,germline,germline,GRCh37,NC_000018.9,18,2763697,2763697,na,na,18p11.32,"criteria provided, multiple submitters, no conflicts",5,-,N,ClinGen:CA8871537,2,260650,2763697,C,T,-,-,-,-,-,-,SCV000312528|SCV001725526|SCV001887624|SCV005247635|SCV007309986,-,-
134755,single nucleotide variant,NM_001101362.3(KBTBD13):c.378G>T (p.Ala126=),390594,KBTBD13,HGNC:37227,Benign,0,"Feb 04, 2026",2946642,-,RCV000117310|RCV000315819|RCV004714449,"MedGen:CN169374|MONDO:MONDO:0012237,MedGen:C1836472,OMIM:609273,Orphanet:171439|MedGen:C3661900",not specified|Nemaline myopathy 6|not provided,germline,germline,GRCh37,NC_000015.9,15,65369531,65369531,na,na,15q22.31,"criteria provided, multiple submitters, no conflicts",10,-,N,ClinGen:CA153243,2,129309,65369531,G,T,-,-,-,-,-,-,SCV000151491|SCV000306580|SCV000393283|SCV000518354|SCV001721926|SCV001980862|SCV005292498|SCV007314403,-,-
362496,single nucleotide variant,NM_000821.7(GGCX):c.2084+45G>C,2677,GGCX,HGNC:4247,Benign,0,"Feb 04, 2026",11676382,-,RCV001692094|RCV003972560,MedGen:C3661900|,not provided|GGCX-related disorder,germline,germline,GRCh37,NC_000002.11,2,85777633,85777633,na,na,2p11.2,"criteria provided, multiple submitters, no conflicts",4,-,N,ClinGen:CA1741632,2,375657,85777633,C,G,-,-,-,-,-,-,SCV001906806|SCV002345214|SCV005243710,-,-
279015,single nucleotide variant,NM_014053.4(FLVCR1):c.1593+9T>C,28982,FLVCR1,HGNC:24682,Benign,0,"Feb 04, 2026",17019870,-,RCV000292110|RCV000992005|RCV001700035,"MONDO:MONDO:0012177,MedGen:C1836916,OMIM:609033,Orphanet:88628|MedGen:C3661900|MedGen:CN169374",Posterior column ataxia-retinitis pigmentosa syndrome|not provided|not specified,germline,germline,GRCh37,NC_000001.10,1,213068404,213068404,na,na,1q32.3,"criteria provided, multiple submitters, no conflicts",10,-,N,ClinGen:CA1386195,2,295325,213068404,T,C,-,-,-,-,-,-,SCV000353974|SCV000744817|SCV001143951|SCV001722028|SCV001933524|SCV005286984|SCV007313837,-,-
4978250,Duplication,NM_004656.4(BAP1):c.788dup (p.Arg264fs),8314,BAP1,HGNC:950,Pathogenic,1,"Mar 27, 2026",-1,-,RCV006720462,"MONDO:MONDO:0015356,MeSH:D009386,MedGen:C0027672,Orphanet:140162",Hereditary cancer-predisposing syndrome,germline,germline,GRCh37,NC_000003.11,3,52439923,52439924,na,na,3p21.1,"criteria provided, single submitter",1,-,N,-,2,4867339,52439923,T,TA,-,-,-,-,-,-,SCV007631537,-,-
940554,single nucleotide variant,NM_000444.6(PHEX):c.1482+1G>C,5251,PHEX,HGNC:8918,Pathogenic,1,"Mar 02, 2026",1064793228,-,RCV001210025|RCV005909007|RCV006688933,"MedGen:C3661900|MedGen:CN074294|MONDO:MONDO:0010619,MedGen:C0733682,OMIM:307800,Orphanet:89936",not provided|Nonpapillary renal cell carcinoma|Familial X-linked hypophosphatemic vitamin D refractory rickets,germline;not applicable,germline,GRCh37,NC_000023.10,X,22186507,22186507,na,na,Xp22.11,"criteria provided, multiple submitters, no conflicts",3,-,N,ClinGen:CA412574115,2,940437,22186507,G,C,-,-,-,-,-,-,SCV001381489|SCV007585751,-,-
4939295,Indel,NM_000249.4(MLH1):c.282delinsAA (p.Ser95fs),4292,MLH1,HGNC:7127,Pathogenic,1,"Mar 03, 2026",-1,-,RCV006661816,"MONDO:MONDO:0015356,MeSH:D009386,MedGen:C0027672,Orphanet:140162",Hereditary cancer-predisposing syndrome,germline,germline,GRCh37,NC_000003.11,3,37042520,37042520,na,na,3p22.2,"criteria provided, single submitter",1,"ACMG2013,ACMG2016,ACMG2021,ACMG2022",N,-,2,4827078,37042520,T,AA,-,-,-,-,-,-,SCV007556483,-,-
707308,single nucleotide variant,NM_003047.5(SLC9A1):c.519G>A (p.Ala173=),6548,SLC9A1,HGNC:11071,Benign,0,"Jan 27, 2026",145424221,-,RCV000963749,MedGen:C3661900,not provided,germline,germline,GRCh37,NC_000001.10,1,27440611,27440611,na,na,1p36.11,"criteria provided, single submitter",1,-,N,ClinGen:CA711310,2,782368,27440611,C,T,-,-,-,-,-,-,SCV001110921,-,-
4800853,single nucleotide variant,NM_001173990.3(TMEM216):c.-69G>A,51259,TMEM216,HGNC:25018,Pathogenic,1,"Jan 14, 2026",-1,-,RCV006460892,"MONDO:MONDO:0015369,MedGen:C5679612,Orphanet:140874",Joubert syndrome and related disorders,germline,germline,GRCh37,NC_000011.9,11,61160035,61160035,na,na,11q12.2,"criteria provided, single submitter",1,-,N,-,2,4689395,61160035,G,A,-,-,-,-,-,-,SCV007344069,-,-
191341,single nucleotide variant,NM_000512.5(GALNS):c.1462G>A (p.Val488Met),2588,GALNS,HGNC:4122,Benign,0,"Apr 01, 2026",78127134,-,RCV000174484|RCV000989652|RCV004709347,"MedGen:CN169374|MONDO:MONDO:0009659,MedGen:C0086651,OMIM:253000,Orphanet:309297,Orphanet:582|MedGen:C3661900","not specified|Mucopolysaccharidosis, MPS-IV-A|not provided",germline;unknown,germline,GRCh37,NC_000016.9,16,88884435,88884435,na,na,16q24.3,"criteria provided, multiple submitters, no conflicts",10,-,N,"ClinGen:CA201012,UniProtKB:P34059#VAR_007238",2,194178,88884435,C,T,-,-,-,-,-,-,SCV000225792|SCV000399623|SCV001114771|SCV001140184|SCV001547974|SCV002045046|SCV002813076|SCV005252571|SCV007309322|SCV007639140,-,-
1799632,Indel,NM_003002.4(SDHD):c.52+1_52+2delinsAA,6392,SDHD,HGNC:10683,Pathogenic,1,"Feb 05, 2026",2498895877,-,RCV002338627|RCV003102704,"MONDO:MONDO:0015356,MeSH:D009386,MedGen:C0027672,Orphanet:140162|Human Phenotype Ontology:HP:0002666,MONDO:MONDO:0008233,MedGen:C0031511,OMIM:171300,Orphanet:29072;MONDO:MONDO:0014045,MedGen:CN166604,Orphanet:201;MedGen:C1868633;MONDO:MONDO:0011740,MedGen:C1847319,OMIM:606864,Orphanet:97286",Hereditary cancer-predisposing syndrome|Pheochromocytoma;Cowden syndrome 3;Paragangliomas with sensorineural hearing loss;Carney-Stratakis syndrome,germline,germline,GRCh37,NC_000011.9,11,111957684,111957685,na,na,11q23.1,"criteria provided, multiple submitters, no conflicts",2,"ACMG2013,ACMG2016,ACMG2021,ACMG2022",N,ClinGen:CA1139532216,2,1746035,111957684,GT,AA,-,-,-,-,-,-,SCV002641576|SCV003292102,-,-
229237,single nucleotide variant,NM_198253.3(TERT):c.2031C>T (p.Gly677=),7015,TERT,HGNC:11730,Benign,0,"Feb 02, 2026",33956095,-,RCV000218335|RCV000275134|RCV000388691|RCV000334173|RCV001640334|RCV002517455|RCV003316186|RCV004558462|RCV005235131,"MedGen:CN169374|MONDO:MONDO:0013521,MedGen:C3151443,OMIM:613989|Human Phenotype Ontology:HP:0001915,MONDO:MONDO:0015909,MedGen:C0002874,OMIM:609135,Orphanet:182040,Orphanet:88|MONDO:MONDO:0013878,MedGen:C3553617,OMIM:614742,Orphanet:88|MedGen:C3661900|MONDO:MONDO:0013521,MedGen:C3151443,OMIM:613989;MONDO:MONDO:0800504,MeSH:D054990,MedGen:C1800706,Orphanet:2032|Human Phenotype Ontology:HP:0001914,Human Phenotype Ontology:HP:0004808,Human Phenotype Ontology:HP:0004843,Human Phenotype Ontology:HP:0005516,Human Phenotype Ontology:HP:0006724,Human Phenotype Ontology:HP:0006728,MONDO:MONDO:0018874,MeSH:D015470,MedGen:C0023467,OMIM:601626,Orphanet:519|MONDO:MONDO:0015780,MedGen:C0265965,OMIM:PS127550,Orphanet:1775|MONDO:MONDO:0014056,MedGen:C3554574,OMIM:615134,Orphanet:618","not specified|Dyskeratosis congenita, autosomal dominant 2|Aplastic anemia|Pulmonary fibrosis and/or bone marrow failure, Telomere-related, 1|not provided|Dyskeratosis congenita, autosomal dominant 2;Idiopathic Pulmonary Fibrosis|Acute myeloid leukemia|Dyskeratosis congenita|Melanoma, cutaneous malignant, susceptibility to, 9",germline,germline,GRCh37,NC_000005.9,5,1279505,1279505,na,na,5p15.33,"criteria provided, multiple submitters, no conflicts",14,-,N,ClinGen:CA3184683,2,227096,1279505,G,A,-,-,-,-,-,-,SCV000269869|SCV000316910|SCV000452676|SCV000452677|SCV000452678|SCV000561780|SCV000605364|SCV001860063|SCV002719638|SCV004015592|SCV005305016|SCV005881365|SCV006097213|SCV007320638,-,-
1193171,single nucleotide variant,NM_000251.3(MSH2):c.1876G>T (p.Glu626Ter),4436,MSH2,HGNC:7325,Pathogenic,1,"Feb 26, 2026",1667240403,-,RCV001569176|RCV002414271|RCV003451818|RCV003594142|RCV006605345,"MedGen:C3661900|MONDO:MONDO:0015356,MeSH:D009386,MedGen:C0027672,Orphanet:140162|MONDO:MONDO:0007356,MedGen:C2936783,OMIM:120435,Orphanet:144|MeSH:D003123,MedGen:C0009405|",not provided|Hereditary cancer-predisposing syndrome|Lynch syndrome 1|Hereditary nonpolyposis colorectal neoplasms|Inherited MMR deficiency (Lynch syndrome),germline;unknown,germline,GRCh37,NC_000002.11,2,47702280,47702280,na,na,2p21,"criteria provided, multiple submitters, no conflicts",5,"ACMG2013,ACMG2016,ACMG2021,ACMG2022",N,ClinGen:CA346728504,2,1203214,47702280,G,T,-,-,-,-,-,-,SCV001793198|SCV002717846|SCV004187832|SCV004317809|SCV007496264,-,-
22938,single nucleotide variant,NM_000350.3(ABCA4):c.52C>T (p.Arg18Trp),24,ABCA4,HGNC:34,Pathogenic,1,"Feb 01, 2026",121909205,-,RCV000008356|RCV000085719|RCV001075717|RCV004558241,"MONDO:MONDO:0009549,MeSH:D000080362,MedGen:C1855465,OMIM:248200,Orphanet:364055,Orphanet:827|MedGen:C3661900|Human Phenotype Ontology:HP:0000556,Human Phenotype Ontology:HP:0007736,Human Phenotype Ontology:HP:0007910,Human Phenotype Ontology:HP:0007974,Human Phenotype Ontology:HP:0007982,MONDO:MONDO:0019118,MeSH:D058499,MedGen:C0854723,Orphanet:71862|MONDO:MONDO:0010819,MedGen:C1838644,OMIM:600110,Orphanet:827",Severe early-childhood-onset retinal dystrophy|not provided|Retinal dystrophy|Stargardt disease 3,germline;unknown,germline,GRCh37,NC_000001.10,1,94586550,94586550,na,na,1p22.1,"criteria provided, multiple submitters, no conflicts",12,-,N,"ClinGen:CA227296,UniProtKB:P78363#VAR_008398,OMIM:601691.0021,ClinVar:1048166",3,7899,94586550,G,A,-,-,-,-,-,-,SCV000281792|SCV000701766|SCV001241345|SCV001402755|SCV001447330|SCV001573651|SCV001745932|SCV001796097|SCV006318874,-,-
704434,single nucleotide variant,NM_001256071.3(RNF213):c.4146T>G (p.Thr1382=),57674,RNF213,HGNC:14539,Benign,0,"Jan 29, 2026",76985739,-,RCV000949015|RCV006442142,MedGen:C3661900|MedGen:CN169374,not provided|not specified,germline,germline,GRCh37,NC_000017.10,17,78307907,78307907,na,na,17q25.3,"criteria provided, multiple submitters, no conflicts",4,-,N,ClinGen:CA8820227,2,769930,78307907,T,G,-,-,-,-,-,-,SCV001095244|SCV001867379|SCV005251872|SCV007314591,-,-
3881231,single nucleotide variant,NM_001127208.3(TET2):c.3646C>T (p.Arg1216Ter),54790,TET2,HGNC:25941,Pathogenic,1,"Jan 13, 2026",-1,-,RCV005231655|RCV006489374,"Human Phenotype Ontology:HP:0002664,Human Phenotype Ontology:HP:0003008,Human Phenotype Ontology:HP:0006741,MONDO:MONDO:0005070,MeSH:D009369,MedGen:C0027651|MedGen:C3661900",Neoplasm|not provided,germline;somatic,germline/somatic,GRCh37,NC_000004.11,4,106164778,106164778,na,na,4q24,"criteria provided, single submitter",2,-,N,-,2,3765062,106164778,C,T,-,-,-,Likely oncogenic,"Mar 04, 2025","criteria provided, single submitter",SCV007418475,-,SCV005872137
703735,single nucleotide variant,NM_001080432.3(FTO):c.1002T>C (p.Ile334=),79068,FTO,HGNC:24678,Benign,0,"Jan 26, 2026",148109727,-,RCV000952748|RCV001117683,"MedGen:C3661900|MONDO:MONDO:0013050,MedGen:C2752001,OMIM:612938,Orphanet:210144","not provided|Lethal polymalformative syndrome, Boissel type",germline,germline,GRCh37,NC_000016.9,16,53913782,53913782,na,na,16q12.2,"criteria provided, multiple submitters, no conflicts",3,-,N,ClinGen:CA8058502,2,773057,53913782,T,C,-,-,-,-,-,-,SCV001099270|SCV001275901|SCV005292032,-,-
1276925,single nucleotide variant,NM_000482.4(APOA4):c.87G>A (p.Thr29=),337,APOA4,HGNC:602,Benign,0,"Feb 04, 2026",5092,-,RCV001708716,MedGen:C3661900,not provided,germline,germline,GRCh37,NC_000011.9,11,116693464,116693464,na,na,11q23.3,"criteria provided, multiple submitters, no conflicts",3,-,N,ClinGen:CA6289538,2,1287091,116693464,C,T,-,-,-,-,-,-,SCV001936020|SCV002487497|SCV005231754,-,-
4957211,single nucleotide variant,NM_003742.4(ABCB11):c.2926C>T (p.Gln976Ter),8647,ABCB11,HGNC:42,Pathogenic,1,"Apr 14, 2026",-1,-,RCV006686786,"MONDO:MONDO:0017290,MedGen:CN296401,Orphanet:284385",Familial intrahepatic cholestasis,germline,germline,GRCh37,NC_000002.11,2,169791824,169791824,na,na,2q31.1,"criteria provided, single submitter",1,-,N,-,2,4846141,169791824,G,A,-,-,-,-,-,-,SCV007582093,-,-
207640,single nucleotide variant,NM_001378778.1(MPDZ):c.2914C>T (p.Pro972Ser),8777,MPDZ,HGNC:7208,Benign,0,"Jan 15, 2026",186662317,-,RCV000192913|RCV000894195|RCV003927793,MedGen:CN169374|MedGen:C3661900|,not specified|not provided|MPDZ-related disorder,germline,germline,GRCh37,NC_000009.11,9,13176152,13176152,na,na,9p23,"criteria provided, multiple submitters, no conflicts",4,-,N,ClinGen:CA206057,2,211512,13176152,G,A,-,-,-,-,-,-,SCV000248061|SCV001038165|SCV005266711,-,-
4798043,Deletion,"HPDL, 1-BP DEL, 789G (VCV002221909.2)",84842,HPDL,HGNC:28242,Pathogenic,1,"Jan 20, 2026",-1,-,RCV006450769,"MONDO:MONDO:0033613,MedGen:C5436628,OMIM:619026,Orphanet:210141,Orphanet:641353",Neurodevelopmental disorder with progressive spasticity and brain white matter abnormalities,germline,germline,na,na,na,-1,-1,na,na,-,no assertion criteria provided,1,-,N,OMIM:618994.0015,1,4686580,-1,na,na,-,-,-,-,-,-,SCV007334692,-,-
1056388,single nucleotide variant,NM_001042492.3(NF1):c.888+2T>A,4763,NF1,HGNC:7765,Pathogenic,1,"Jan 22, 2026",2066160116,-,RCV001379955,"MONDO:MONDO:0018975,MedGen:C0027831,OMIM:162200,Orphanet:636","Neurofibromatosis, type 1",germline,germline,GRCh37,NC_000017.10,17,29509685,29509685,na,na,17q11.2,"criteria provided, single submitter",1,-,N,ClinGen:CA398991323,2,1068415,29509685,T,A,-,-,-,-,-,-,SCV001577868,-,-
4847778,Deletion,NM_000155.4(GALT):c.291del (p.Asn97fs),2592,GALT,HGNC:4135,Pathogenic,1,"Jan 20, 2026",-1,-,RCV006516520,"MONDO:MONDO:0009258,MedGen:C0268151,OMIM:230400,Orphanet:352,Orphanet:79239",Deficiency of UDPglucose-hexose-1-phosphate uridylyltransferase,germline,germline,GRCh37,NC_000009.11,9,34647527,34647527,na,na,9p13.3,"criteria provided, single submitter",1,-,N,-,2,4735810,34647526,AC,A,-,-,-,-,-,-,SCV007401950,-,-
55423,single nucleotide variant,NM_032119.4(ADGRV1):c.11682C>T (p.Pro3894=),84059,ADGRV1,HGNC:17416,Benign,0,"Feb 04, 2026",2438349,-,RCV000039514|RCV000710423|RCV001151871,"MedGen:CN169374|MedGen:C3661900|MONDO:MONDO:0011558,MedGen:C2931213,OMIM:605472,Orphanet:231178,Orphanet:886",not specified|not provided|Usher syndrome type 2C,germline,germline,GRCh37,NC_000005.9,5,90052372,90052372,na,na,5q14.3,"criteria provided, multiple submitters, no conflicts",9,-,N,ClinGen:CA138007,2,46258,90052372,C,T,-,-,-,-,-,-,SCV000063203|SCV000314851|SCV000331611|SCV000840636|SCV001313045|SCV001723654|SCV001911831|SCV007325946,-,-
440858,single nucleotide variant,NM_000297.4(PKD2):c.2614C>T (p.Arg872Ter),5311,PKD2,HGNC:9009,Pathogenic,1,"Jan 25, 2026",755226061,-,RCV000518186|RCV000763531|RCV001236356|RCV001292360|RCV004659079|RCV006635944,"MedGen:C3661900|MONDO:MONDO:0013131,MedGen:C2751306,OMIM:613095|MONDO:MONDO:0004691,MedGen:C0085413,Orphanet:730|Human Phenotype Ontology:HP:0000113,Human Phenotype Ontology:HP:0004716,Human Phenotype Ontology:HP:0004739,Human Phenotype Ontology:HP:0004740,Human Phenotype Ontology:HP:0008645,Human Phenotype Ontology:HP:0008673,Human Phenotype Ontology:HP:0008699,MONDO:MONDO:0020642,MeSH:D007690,MedGen:C0022680,OMIM:PS173900|MeSH:D030342,MedGen:C0950123|",not provided|Polycystic kidney disease 2|Autosomal dominant polycystic kidney disease|Polycystic kidney disease|Inborn genetic diseases|Cystic renal disease,germline;unknown,germline,GRCh37,NC_000004.11,4,88996055,88996055,na,na,4q22.1,"criteria provided, multiple submitters, no conflicts",21,-,N,ClinGen:CA3004304,2,448036,88996055,C,T,-,-,-,-,-,-,SCV000614571|SCV000885963|SCV000890204|SCV000894343|SCV000927612|SCV001251249|SCV001409078|SCV001523097|SCV002581298|SCV002767978|SCV003934434|SCV004034056|SCV005153473|SCV005197168|SCV006582559|SCV007131841|SCV007495910|SCV007520541,-,-
4986987,Deletion,NM_032043.3(BRIP1):c.1997del (p.Asn666fs),83990,BRIP1,HGNC:20473,Pathogenic,1,"Jun 24, 2026",-1,-,RCV006736007,"MONDO:MONDO:0016248,MedGen:C5679802",Familial ovarian cancer,unknown,unknown,GRCh37,NC_000017.10,17,59853862,59853862,na,na,-,"criteria provided, single submitter",1,-,N,-,2,4876100,59853861,AT,A,-,-,-,-,-,-,SCV007647532,-,-
1287935,single nucleotide variant,NM_000443.4(ABCB4):c.1231-70A>G,5244,ABCB4,HGNC:45,Benign,0,"Apr 14, 2026",45622746,-,RCV001725657|RCV006685471,"MedGen:C3661900|MONDO:MONDO:0010939,MedGen:C2609268,OMIM:600803,Orphanet:69663;MONDO:MONDO:0017290,MedGen:CN296401,Orphanet:284385",not provided|Low phospholipid associated cholelithiasis;Familial intrahepatic cholestasis,germline,germline,GRCh37,NC_000007.13,7,87072830,87072830,na,na,7q21.12,"criteria provided, multiple submitters, no conflicts",3,-,N,ClinGen:CA162092767,2,1298150,87072830,T,C,-,-,-,-,-,-,SCV001960657|SCV005266742|SCV007582663,-,-
310837,single nucleotide variant,NM_198252.3(GSN):c.29A>G (p.Lys10Arg),2934,GSN,HGNC:4620,Benign,0,"Jan 24, 2026",115224458,-,RCV000365448|RCV000956748|RCV003912565|RCV006443241,"MONDO:MONDO:0007097,MedGen:C1622345,OMIM:105120,Orphanet:85448|MedGen:C3661900||MedGen:CN169374",Finnish type amyloidosis|not provided|GSN-related disorder|not specified,germline,germline,GRCh37,NC_000009.11,9,124064278,124064278,na,na,9q33.2,"criteria provided, multiple submitters, no conflicts",6,-,N,ClinGen:CA5220744,2,364796,124064278,A,G,-,-,-,-,-,-,SCV000476979|SCV001103527|SCV001864481|SCV005318077|SCV007299347,-,-
71084,single nucleotide variant,NM_004646.4(NPHS1):c.1701C>A (p.Cys567Ter),4868,NPHS1,HGNC:7908,Pathogenic,1,"Jan 30, 2026",386833887,-,RCV000049858|RCV000992445|RCV003407431,"MONDO:MONDO:0009732,MedGen:C0403399,OMIM:256300,Orphanet:839|MedGen:C3661900|",Finnish congenital nephrotic syndrome|not provided|Infantile Nephrotic syndrome,germline;unknown,germline,GRCh37,NC_000019.9,19,36336627,36336627,na,na,19q13.12,"criteria provided, multiple submitters, no conflicts",10,-,N,ClinGen:CA250131,2,56445,36336627,G,T,-,-,-,-,-,-,SCV001144760|SCV001163805|SCV001370696|SCV001460539|SCV001589204|SCV002786477|SCV004123153|SCV006100140,-,-
2841791,single nucleotide variant,NM_000314.8(PTEN):c.335T>G (p.Leu112Arg),5728,PTEN,HGNC:9588,Pathogenic,1,"May 14, 2026",121909230,-,RCV003452499|RCV005414697,"MONDO:MONDO:0008021,MedGen:CN072330,OMIM:158350|MedGen:C3661900",Cowden syndrome 1|not provided,germline;unknown,germline,GRCh37,NC_000010.10,10,89692851,89692851,na,na,10q23.31,"criteria provided, multiple submitters, no conflicts",3,"ACMG2013,ACMG2016,ACMG2021,ACMG2022",N,ClinGen:CA377482214,2,2674303,89692851,T,G,-,-,-,-,-,-,SCV004188830|SCV006081625|SCV007601067,-,-
3081758,single nucleotide variant,NM_017433.5(MYO3A):c.716T>C (p.Leu239Pro),53904,MYO3A,HGNC:7601,Pathogenic,1,"Apr 01, 2026",2492423220,-,RCV006646024,"MONDO:MONDO:0958232,MedGen:C5935579,OMIM:620722","Hearing loss, autosomal dominant 90",germline,germline,GRCh37,NC_000010.10,10,26310562,26310562,na,na,10p12.1,no assertion criteria provided,1,-,N,"ClinGen:CA376332917,OMIM:606808.0005",1,2921297,26310562,T,C,-,-,-,-,-,-,SCV004565400,-,-
1431874,Duplication,NM_000091.5(COL4A3):c.778dup (p.Glu260fs),1285,COL4A3,HGNC:2204,Pathogenic,1,"Apr 06, 2026",2125934511,-,RCV002037727|RCV006705645,"MedGen:C3661900|MONDO:MONDO:0014451,MedGen:C4014925,OMIM:616002,Orphanet:656",not provided|Focal segmental glomerulosclerosis 7,germline,germline,GRCh37,NC_000002.11,2,228118835,228118836,na,na,2q36.3,"criteria provided, multiple submitters, no conflicts",2,-,N,ClinGen:CA2573135460,2,1452730,228118835,A,AG,-,-,-,-,-,-,SCV002235562|SCV007612027,-,-
542034,Deletion,NM_000091.5(COL4A3):c.2768_2778del (p.Val923fs),1285,COL4A3,HGNC:2204,Pathogenic,1,"Jan 01, 2026",766306957,-,RCV000666969|RCV000729022|RCV001273240|RCV004609483|RCV005027786,"MONDO:MONDO:0008762,MedGen:C4746745,OMIM:203780,Orphanet:63,Orphanet:88919|MedGen:C3661900|MONDO:MONDO:0018965,MedGen:C1567741,OMIM:PS301050,Orphanet:63|MeSH:D030342,MedGen:C0950123|MONDO:MONDO:0007086,MedGen:C5882663,OMIM:104200,Orphanet:63,Orphanet:88918;MONDO:MONDO:0958186,MedGen:C5830421,OMIM:620320;MONDO:MONDO:0957811,MedGen:C5882699,OMIM:620536","Autosomal recessive Alport syndrome|not provided|Alport syndrome|Inborn genetic diseases|Autosomal dominant Alport syndrome;Hematuria, benign familial, 2;Alport syndrome 3b, autosomal recessive",germline;unknown,germline,GRCh37,NC_000002.11,2,228148946,228148956,na,na,2q36.3,"criteria provided, multiple submitters, no conflicts",10,-,N,ClinGen:CA2147027,2,551819,228148945,GAGTAAAGGGCC,G,-,-,-,-,-,-,SCV000856655|SCV001207327|SCV001361059|SCV001456035|SCV001758474|SCV005106004|SCV005651326|SCV007137128|SCV007548026,-,-
243266,single nucleotide variant,NM_000527.5(LDLR):c.12G>A (p.Trp4Ter),3949,LDLR,HGNC:6547,Pathogenic,1,"Jan 15, 2026",756039188,-,RCV000227275|RCV000791411|RCV005589795,"MONDO:MONDO:0007750,MedGen:C0745103,OMIM:143890,Orphanet:391665|MONDO:MONDO:0005439,MedGen:C0020445,OMIM:PS143890|MedGen:CN230736","Hypercholesterolemia, familial, 1|Familial hypercholesterolemia|Cardiovascular phenotype",germline,germline,GRCh37,NC_000019.9,19,11200236,11200236,na,na,19p13.2,"criteria provided, multiple submitters, no conflicts",8,"ACMG2013,ACMG2016,ACMG2021,ACMG2022",N,"ClinGen:CA085131,LDLR-LOVD, British Heart Foundation:LDLR_000357",2,237860,11200236,G,A,-,-,-,-,-,-,SCV000285010|SCV000294414|SCV000583622|SCV000607403|SCV000748035|SCV001422788|SCV002017124|SCV006267648,-,-
4847497,single nucleotide variant,NM_005097.4(LGI1):c.1035C>G (p.Tyr345Ter),9211,LGI1,HGNC:6572,Pathogenic,1,"Jan 17, 2026",-1,-,RCV006516239,"MONDO:MONDO:0010898,MedGen:C1838062,Orphanet:101046",Autosomal dominant epilepsy with auditory features,germline,germline,GRCh37,NC_000010.10,10,95556921,95556921,na,na,10q23.33,"criteria provided, single submitter",1,-,N,-,2,4735529,95556921,C,G,-,-,-,-,-,-,SCV007404584,-,-
4898579,single nucleotide variant,NM_032043.3(BRIP1):c.1668C>A (p.Tyr556Ter),83990,BRIP1,HGNC:20473,Pathogenic,1,"Jan 18, 2026",-1,-,RCV006595591,"MONDO:MONDO:0012187,MedGen:C1836860,OMIM:609054,Orphanet:84;MONDO:MONDO:0016419,MedGen:C0346153,OMIM:114480,Orphanet:227535",Fanconi anemia complementation group J;Familial cancer of breast,germline,germline,GRCh37,NC_000017.10,17,59858327,59858327,na,na,17q23.2,"criteria provided, single submitter",1,-,N,-,2,4787299,59858327,G,T,-,-,-,-,-,-,SCV007481586,-,-
1154927,single nucleotide variant,NM_016580.4(PCDH12):c.2133C>T (p.Ala711=),51294,PCDH12,HGNC:8657,Benign,0,"Feb 03, 2026",164074,-,RCV001518186|RCV001788562|RCV006446386,"MedGen:C3661900|MONDO:MONDO:0009625,MedGen:C4538630,OMIM:251280|MedGen:CN169374",not provided|Diencephalic-mesencephalic junction dysplasia syndrome 1|not specified,germline,germline,GRCh37,NC_000005.9,5,141335284,141335284,na,na,5q31.3,"criteria provided, multiple submitters, no conflicts",4,-,N,ClinGen:CA3484276,2,1168159,141335284,G,A,-,-,-,-,-,-,SCV001726837|SCV001888974|SCV002029413|SCV007324325,-,-
4801161,Deletion,NC_000015.9:g.(43903183_43903345)_(43910999_?)del,161497,STRC,HGNC:16035,Pathogenic,1,"Jan 02, 2026",-1,-,RCV006456212,"MONDO:MONDO:0019497,MedGen:C5680182,Orphanet:87884",Nonsyndromic genetic hearing loss,germline,germline,GRCh37,NC_000015.9,15,43903183,43910999,na,na,15q15.3,"criteria provided, single submitter",1,-,N,-,2,4689704,-1,na,na,-,-,-,-,-,-,SCV007344211,-,-
4957380,single nucleotide variant,NM_001374385.1(ATP8B1):c.1113G>A (p.Trp371Ter),5205,ATP8B1,HGNC:3706,Pathogenic,1,"Apr 14, 2026",-1,-,RCV006684659,"MONDO:MONDO:0017290,MedGen:CN296401,Orphanet:284385",Familial intrahepatic cholestasis,germline,germline,GRCh37,NC_000018.9,18,55359146,55359146,na,na,18q21.31,"criteria provided, single submitter",1,-,N,-,2,4846311,55359146,C,T,-,-,-,-,-,-,SCV007582631,-,-
1154402,single nucleotide variant,NM_018192.4(P3H2):c.634-18C>T,55214,P3H2,HGNC:19317,Benign,0,"Jan 29, 2026",1719598,-,RCV001518309|RCV001730792,"MedGen:C3661900|MONDO:MONDO:0013670,MedGen:C3280346,OMIM:614292","not provided|Myopia, high, with cataract and vitreoretinal degeneration",germline,germline,GRCh37,NC_000003.11,3,189712090,189712090,na,na,3q28,"criteria provided, multiple submitters, no conflicts",4,-,N,ClinGen:CA2753251,2,1168224,189712090,G,A,-,-,-,-,-,-,SCV001726979|SCV001838663|SCV001981343|SCV005305352,-,-
702212,single nucleotide variant,NM_032656.4(DHX37):c.506C>T (p.Ser169Leu),57647,DHX37,HGNC:17210,Benign,0,"Jan 29, 2026",149384016,-,RCV000949790,MedGen:C3661900,not provided,germline,germline,GRCh37,NC_000012.11,12,125465268,125465268,na,na,12q24.31,"criteria provided, multiple submitters, no conflicts",2,-,N,ClinGen:CA6872428,2,770613,125465268,G,A,-,-,-,-,-,-,SCV001096058|SCV005237109,-,-
4812788,Deletion,NM_017875.4(SLC25A38):c.586del (p.Tyr195_Leu196insTer),54977,SLC25A38,HGNC:26054,Pathogenic,1,"Jan 09, 2026",-1,-,RCV006476395,MedGen:C3661900,not provided,germline,germline,GRCh37,NC_000003.11,3,39433472,39433472,na,na,3p22.1,"criteria provided, single submitter",1,-,N,-,2,4693683,39433471,AC,A,-,-,-,-,-,-,SCV007371294,-,-
1153665,single nucleotide variant,NM_001256864.2(DNAJC6):c.1506C>T (p.His502=),9829,DNAJC6,HGNC:15469,Benign,0,"Feb 02, 2026",11208644,-,RCV001516087|RCV001579910|RCV001727862,"MONDO:MONDO:0014231,MedGen:C3809811,OMIM:615528,Orphanet:391411|MedGen:C3661900|MedGen:CN169374",Juvenile onset Parkinson disease 19A|not provided|not specified,germline,germline,GRCh37,NC_000001.10,1,65858151,65858151,na,na,1p31.3,"criteria provided, multiple submitters, no conflicts",7,-,N,ClinGen:CA893947,2,1167136,65858151,C,T,-,-,-,-,-,-,SCV001724303|SCV001937990|SCV004049383|SCV005287370|SCV007299965,-,-
255293,single nucleotide variant,NM_001382347.1(MYO5A):c.1880T>C (p.Met627Thr),4644,MYO5A,HGNC:7602,Benign,0,"Jan 29, 2026",16964944,-,RCV000242189|RCV001651120,MedGen:CN169374|MedGen:C3661900,not specified|not provided,germline,germline,GRCh37,NC_000015.9,15,52676392,52676392,na,na,15q21.2,"criteria provided, multiple submitters, no conflicts",4,-,N,"ClinGen:CA7568876,UniProtKB:Q9Y4I1#VAR_056180",2,255640,52676392,A,G,-,-,-,-,-,-,SCV000303266|SCV001864665|SCV002459966|SCV005288852,-,-
191080,single nucleotide variant,NM_020686.6(ABAT):c.684G>A (p.Thr228=),18,ABAT,HGNC:23,Benign,0,"Jan 24, 2026",148143485,-,RCV000174149|RCV000635273,"MedGen:CN169374|MONDO:MONDO:0013166,MedGen:C0342708,OMIM:613163,Orphanet:2066",not specified|Gamma-aminobutyric acid transaminase deficiency,germline;unknown,germline,GRCh37,NC_000016.9,16,8862698,8862698,na,na,16p13.2,"criteria provided, multiple submitters, no conflicts",4,-,N,ClinGen:CA200848,2,193917,8862698,G,A,-,-,-,-,-,-,SCV000225397|SCV000756666|SCV001273540|SCV001475495,-,-
2022717,Insertion,NM_001370100.5(ZMYND11):c.697+15_697+16insGTTTTT,10771,ZMYND11,HGNC:16966,Benign,0,"Jan 26, 2026",1554788985,-,RCV002740545,MedGen:C3661900,not provided,germline,germline,GRCh37,NC_000010.10,10,285479,285480,na,na,10p15.3,"criteria provided, single submitter",1,-,N,ClinGen:CA5379000,2,1971203,285479,G,GTGTTTT,-,-,-,-,-,-,SCV003016349,-,-
409795,Deletion,NM_013275.6(ANKRD11):c.3309del (p.Asp1104fs),29123,ANKRD11,HGNC:21316,Pathogenic,1,"Feb 15, 2026",772267579,-,RCV000481896|RCV001293719,"MedGen:C3661900|MONDO:MONDO:0007846,MedGen:C0220687,OMIM:148050,Orphanet:2332",not provided|KBG syndrome,germline;unknown,germline,GRCh37,NC_000016.9,16,89349641,89349641,na,na,16q24.3,"criteria provided, single submitter",2,-,N,ClinGen:CA16620306,2,424134,89349640,CT,C,-,-,-,-,-,-,SCV000573915,-,-
1053964,single nucleotide variant,NM_000352.6(ABCC8):c.4369G>A (p.Ala1457Thr),6833,ABCC8,HGNC:59,Pathogenic,1,"Jan 06, 2026",72559717,-,RCV001376163|RCV001820080,"MONDO:MONDO:0009734,MedGen:C2931832,OMIM:256450,Orphanet:276575,Orphanet:276598|MedGen:C3661900","Hyperinsulinemic hypoglycemia, familial, 1|not provided",germline;inherited,germline,GRCh37,NC_000011.9,11,17416761,17416761,na,na,11p15.1,"criteria provided, multiple submitters, no conflicts",3,-,N,ClinGen:CA218407557,2,1065615,17416761,C,T,-,-,-,-,-,-,SCV001573214|SCV002069036|SCV004295371,-,-
1569188,Duplication,NM_006348.5(COG5):c.1750-3dup,10466,COG5,HGNC:14857,Benign,0,"Jan 28, 2026",746706902,-,RCV002220494,"MONDO:MONDO:0013325,MedGen:C3150876,OMIM:613612,Orphanet:263487",COG5-congenital disorder of glycosylation,germline;unknown,germline,GRCh37,NC_000007.13,7,106888946,106888947,na,na,7q22.3,"criteria provided, multiple submitters, no conflicts",2,-,N,ClinGen:CA4430791,2,1566664,106888946,T,TA,-,-,-,-,-,-,SCV002365142|SCV002805191,-,-
38452,single nucleotide variant,NM_000169.3(GLA):c.334C>T (p.Arg112Cys),2717,GLA,HGNC:4296,Pathogenic,1,"Jan 19, 2026",104894834,-,RCV000482440|RCV000780291|RCV002321570,"MedGen:C3661900|Human Phenotype Ontology:HP:0001071,MONDO:MONDO:0010526,MedGen:C0002986,OMIM:301500,Orphanet:324|MedGen:CN230736",not provided|Fabry disease|Cardiovascular phenotype,germline;unknown,germline,GRCh37,NC_000023.10,X,100658834,100658834,na,na,Xq22.1,"criteria provided, multiple submitters, no conflicts",14,"ACMG2013,ACMG2016,ACMG2021,ACMG2022",N,"ClinVar:10723,ClinGen:CA021639,UniProtKB:P06280#VAR_000447,OMIM:300644.0011",2,92550,100658834,G,A,-,-,-,-,-,-,SCV000110115|SCV000568187|SCV000917444|SCV001390681|SCV002021898|SCV002054446|SCV002607129|SCV002813866|SCV004829276|SCV006335985|SCV007434286|SCV007608674,-,-
4986418,Indel,NM_005861.4(STUB1):c.152_158delinsCAGC (p.Arg51_Ile53delinsProAla),10273,STUB1,HGNC:11427,Pathogenic,1,"Jul 15, 2026",-1,-,RCV006737247,"MONDO:MONDO:0032526,MedGen:C4748158,OMIM:618093,Orphanet:631103",Spinocerebellar ataxia 48,germline,germline,GRCh37,NC_000016.9,16,730677,730683,na,na,-,no assertion criteria provided,1,-,N,OMIM:607207.0017,1,4875530,730677,GCGCGAT,CAGC,-,-,-,-,-,-,SCV007645666,-,-
264689,single nucleotide variant,NM_003482.4(KMT2D):c.5707C>T (p.Arg1903Ter),8085,KMT2D,HGNC:7133,Pathogenic,1,"Apr 24, 2026",886041405,-,RCV000284743|RCV001230659|RCV001249645,"MedGen:C3661900|MONDO:MONDO:0016512,MedGen:C0796004,OMIM:PS147920,Orphanet:2322|MONDO:MONDO:0007843,MedGen:CN030661,OMIM:147920,Orphanet:2322",not provided|Kabuki syndrome|Kabuki syndrome 1,de novo;germline;unknown,germline,GRCh37,NC_000012.11,12,49436599,49436599,na,na,12q13.12,"criteria provided, multiple submitters, no conflicts",6,-,N,ClinGen:CA10603310,2,280133,49436599,G,A,-,-,-,-,-,-,SCV000330007|SCV001403146|SCV001423661|SCV004014745|SCV005871147|SCV007599601,-,-
398932,single nucleotide variant,NM_014679.5(CEP57):c.979A>G (p.Ile327Val),9702,CEP57,HGNC:30794,Benign,0,"Jan 29, 2026",35604386,-,RCV000462676|RCV004708918,"MONDO:MONDO:0013582,MedGen:C3279843,OMIM:614114,Orphanet:1052|MedGen:C3661900",Mosaic variegated aneuploidy syndrome 2|not provided,germline,germline,GRCh37,NC_000011.9,11,95561043,95561043,na,na,11q21,"criteria provided, multiple submitters, no conflicts",2,-,N,ClinGen:CA6239658,2,414980,95561043,A,G,-,-,-,-,-,-,SCV000559165|SCV005237166,-,-
374948,single nucleotide variant,NM_145068.4(TRPV3):c.1718G>T (p.Gly573Val),162514,TRPV3,HGNC:18084,Pathogenic,1,"Feb 03, 2026",1057524115,-,RCV000438765|RCV006704686,"MedGen:C3661900|MONDO:MONDO:0100296,MedGen:C5542829,OMIM:614594,Orphanet:659",not provided|Olmsted syndrome 1,germline,germline,GRCh37,NC_000017.10,17,3427517,3427517,na,na,17p13.2,"criteria provided, multiple submitters, no conflicts",3,-,N,ClinGen:CA16607215,2,391510,3427517,C,A,-,-,-,-,-,-,SCV000534596|SCV003443744|SCV007610017,-,-
1661961,single nucleotide variant,NM_005157.6(ABL1):c.2832C>T (p.Asp944=),25,ABL1,HGNC:76,Benign,0,"Jan 12, 2026",151176526,-,RCV002116157,MedGen:C3661900,not provided,germline,germline,GRCh37,NC_000009.11,9,133760509,133760509,na,na,9q34.12,"criteria provided, single submitter",1,-,N,ClinGen:CA5285788,2,1599787,133760509,C,T,-,-,-,-,-,-,SCV002405980,-,-
714537,single nucleotide variant,NM_003922.4(HERC1):c.13875C>T (p.Tyr4625=),8925,HERC1,HGNC:4867,Benign,0,"Jan 27, 2026",75055604,-,RCV000964002,MedGen:C3661900,not provided,germline,germline,GRCh37,NC_000015.9,15,63908695,63908695,na,na,15q22.31,"criteria provided, multiple submitters, no conflicts",3,-,N,ClinGen:CA7603637,2,782596,63908695,G,A,-,-,-,-,-,-,SCV001111181|SCV001828839|SCV005292375,-,-
4964569,Microsatellite,NM_015506.3(MMACHC):c.641_642del (p.Arg214fs),25974,MMACHC,HGNC:24525,Pathogenic,1,"May 01, 2026",-1,-,RCV006702754,"MONDO:MONDO:0010184,MedGen:C1848561,OMIM:277400,Orphanet:26,Orphanet:79282",Cobalamin C disease,germline,germline,GRCh37,NC_000001.10,1,45974677,45974678,na,na,1p34.1,"criteria provided, single submitter",1,-,N,-,2,4853627,45974676,AGC,A,-,-,-,-,-,-,SCV007605501,-,-
4987052,single nucleotide variant,NM_000059.4(BRCA2):c.6577G>T (p.Glu2193Ter),675,BRCA2,HGNC:1101,Pathogenic,1,"Apr 21, 2026",-1,-,RCV006736072,"MONDO:MONDO:0012933,MedGen:C2675520,OMIM:612555,Orphanet:145","Breast-ovarian cancer, familial, susceptibility to, 2",unknown,unknown,GRCh37,NC_000013.10,13,32915069,32915069,na,na,-,"criteria provided, single submitter",1,"ACMG2013,ACMG2016,ACMG2021,ACMG2022",N,-,2,4876165,32915069,G,T,-,-,-,-,-,-,SCV007648631,-,-
4888648,Deletion,NM_033026.6(PCLO):c.14597-17del,27445,PCLO,HGNC:13406,Benign,0,"Jan 05, 2026",-1,-,RCV006580376,MedGen:C3661900,not provided,germline,germline,GRCh37,NC_000007.13,7,82452022,82452022,na,na,7q21.11,"criteria provided, single submitter",1,-,N,-,2,4781016,82452021,TA,T,-,-,-,-,-,-,SCV007474863,-,-
1523421,single nucleotide variant,NM_004517.4(ILK):c.90-17T>C,3611,ILK,HGNC:6040,Benign,0,"Jan 13, 2026",372812947,-,RCV002127274,"MONDO:MONDO:0024573,MeSH:D024741,MedGen:C0949658,OMIM:PS192600,Orphanet:99739",Primary familial hypertrophic cardiomyopathy,germline,germline,GRCh37,NC_000011.9,11,6629259,6629259,na,na,11p15.4,"criteria provided, single submitter",1,-,N,ClinGen:CA5857941,2,1601475,6629259,T,C,-,-,-,-,-,-,SCV002402312,-,-
1580096,single nucleotide variant,NM_006531.5(IFT88):c.1213G>T (p.Val405Leu),8100,IFT88,HGNC:20606,Benign,0,"Jan 13, 2026",137918809,-,RCV002166377,MedGen:C3661900,not provided,germline,germline,GRCh37,NC_000013.10,13,21199902,21199902,na,na,13q12.11,"criteria provided, single submitter",1,-,N,ClinGen:CA6905339,2,1654466,21199902,G,T,-,-,-,-,-,-,SCV002478165,-,-
4967675,Microsatellite,NM_001048174.2(MUTYH):c.350_351del (p.Val117fs),4595,MUTYH,HGNC:7527,Pathogenic,1,"Mar 02, 2026",-1,-,RCV006708075,"MONDO:MONDO:0012041,MedGen:C3272841,OMIM:608456,Orphanet:220460,Orphanet:247798",Familial adenomatous polyposis 2,unknown,unknown,GRCh37,NC_000001.10,1,45798796,45798797,na,na,1p34.1,"criteria provided, single submitter",1,"ACMG2013,ACMG2016,ACMG2021,ACMG2022",N,-,2,4856751,45798795,TCA,T,-,-,-,-,-,-,SCV007612879,-,-
1934739,Deletion,NM_023067.4(FOXL2):c.860del (p.Pro287fs),668,FOXL2,HGNC:1092,Pathogenic,1,"Jan 26, 2026",2473812089,-,RCV002651752,MedGen:C3661900,not provided,germline,germline,GRCh37,NC_000003.11,3,138664705,138664705,na,na,3q22.3,"criteria provided, single submitter",1,-,N,ClinGen:CA2580068842,2,2203450,138664704,CG,C,-,-,-,-,-,-,SCV003525458,-,-
1605474,single nucleotide variant,NM_001372.4(DNAH9):c.13384T>C (p.Trp4462Arg),1770,DNAH9,HGNC:2953,Benign,0,"Feb 01, 2026",8074656,-,RCV002102208|RCV003978492,MedGen:C3661900|,not provided|DNAH9-related disorder,germline,germline,GRCh37,NC_000017.10,17,11872767,11872767,na,na,17p12,"criteria provided, multiple submitters, no conflicts",3,-,N,ClinGen:CA8398419,2,1532920,11872767,T,C,-,-,-,-,-,-,SCV002329279|SCV005254934,-,-
4983076,single nucleotide variant,NM_003185.4(TAF4):c.537C>G (p.Gly179=),6874,TAF4,HGNC:11537,Benign,0,"May 01, 2026",-1,-,RCV006730905,MedGen:C3661900,not provided,germline,germline,GRCh37,NC_000020.10,20,60640330,60640330,na,na,20q13.33,"criteria provided, single submitter",1,-,N,-,2,4872618,60640330,G,C,-,-,-,-,-,-,SCV007638793,-,-
1200035,Deletion,NM_177438.3(DICER1):c.2524del (p.Met842fs),23405,DICER1,HGNC:17098,Pathogenic,1,"Jan 06, 2026",2140025249,-,RCV001579349|RCV006454739,"MedGen:C3661900|MONDO:MONDO:0100216,MedGen:C3839822,Orphanet:284343",not provided|DICER1-related tumor predisposition,germline,germline,GRCh37,NC_000014.8,14,95574343,95574343,na,na,14q32.13,reviewed by expert panel,3,-,N,ClinGen:CA2499222808,2,1209876,95574342,AT,A,-,-,-,-,-,-,SCV007338172,-,-
240528,single nucleotide variant,NM_020822.3(KCNT1):c.1056C>G (p.Leu352=),57582,KCNT1,HGNC:18865,Benign,0,"Feb 02, 2026",116691849,-,RCV000229636|RCV000251886|RCV002270068|RCV002270069|RCV002311359|RCV004718117,"MONDO:MONDO:0013989,MedGen:C3554195,OMIM:614959,Orphanet:293181;MONDO:MONDO:0014002,MedGen:C3554306,OMIM:615005,Orphanet:98784|MedGen:CN169374|MONDO:MONDO:0013989,MedGen:C3554195,OMIM:614959,Orphanet:293181|MONDO:MONDO:0014002,MedGen:C3554306,OMIM:615005,Orphanet:98784|MeSH:D030342,MedGen:C0950123|MedGen:C3661900","Developmental and epileptic encephalopathy, 14;Autosomal dominant nocturnal frontal lobe epilepsy 5|not specified|Developmental and epileptic encephalopathy, 14|Autosomal dominant nocturnal frontal lobe epilepsy 5|Inborn genetic diseases|not provided",germline,germline,GRCh37,NC_000009.11,9,138656897,138656897,na,na,9q34.3,"criteria provided, multiple submitters, no conflicts",7,-,N,ClinGen:CA5326762,2,241299,138656897,C,G,-,-,-,-,-,-,SCV000290480|SCV000313659|SCV000522717|SCV000847295|SCV002555301|SCV002555302|SCV005321658|SCV007303404,-,-
4875140,single nucleotide variant,NM_003718.5(CDK13):c.2872C>T (p.Arg958Ter),8621,CDK13,HGNC:1733,Pathogenic,1,"Jan 23, 2026",-1,-,RCV006586122,MedGen:C3661900,not provided,germline,germline,GRCh37,NC_000007.13,7,40117695,40117695,na,na,7p14.1,"criteria provided, single submitter",1,-,N,-,2,4764284,40117695,C,T,-,-,-,-,-,-,SCV007455341,-,-
1610930,single nucleotide variant,NM_004525.3(LRP2):c.8514C>T (p.Arg2838=),4036,LRP2,HGNC:6694,Benign,0,"Jan 17, 2026",145154135,-,RCV002135140|RCV004750702,MedGen:C3661900|,not provided|LRP2-related disorder,germline,germline,GRCh37,NC_000002.11,2,170055360,170055360,na,na,2q31.1,"criteria provided, single submitter",2,-,N,ClinGen:CA1953833,2,1635204,170055360,G,A,-,-,-,-,-,-,SCV002450617,-,-
71369,Deletion,NM_025114.4(CEP290):c.1451del (p.Lys484fs),80184,CEP290,HGNC:29021,Pathogenic,1,"Jul 20, 2026",386834149,-,RCV000050143|RCV000200294|RCV001388055|RCV002251955|RCV003466922|RCV005003445|RCV006731774,"MONDO:MONDO:0012626,MedGen:C1970161,OMIM:611134,Orphanet:564|MONDO:MONDO:0018772,MedGen:C5979921,OMIM:PS213300,Orphanet:475|Human Phenotype Ontology:HP:0000090,Human Phenotype Ontology:HP:0004748,MONDO:MONDO:0019005,MedGen:C0687120,OMIM:PS256100,Orphanet:655;MONDO:MONDO:0018921,MedGen:C0265215,OMIM:PS249000,Orphanet:564;MONDO:MONDO:0018772,MedGen:C5979921,OMIM:PS213300,Orphanet:475||MONDO:MONDO:0014442,MedGen:C2673874,OMIM:615991,Orphanet:110|MONDO:MONDO:0012626,MedGen:C1970161,OMIM:611134,Orphanet:564;MONDO:MONDO:0012723,MedGen:C1857821,OMIM:611755,Orphanet:65;MONDO:MONDO:0014442,MedGen:C2673874,OMIM:615991,Orphanet:110;MONDO:MONDO:0012433,MedGen:C1857779,OMIM:610189,Orphanet:3156;MONDO:MONDO:0012432,MedGen:C1857780,OMIM:610188,Orphanet:2318|MONDO:MONDO:0100451,MedGen:CN305601","Meckel syndrome, type 4|Joubert syndrome|Nephronophthisis;Meckel-Gruber syndrome;Joubert syndrome|See cases|Bardet-Biedl syndrome 14|Meckel syndrome, type 4;Leber congenital amaurosis 10;Bardet-Biedl syndrome 14;Senior-Loken syndrome 6;Joubert syndrome 5|CEP290-related ciliopathy",germline;unknown,germline,GRCh37,NC_000012.11,12,88513962,88513962,na,na,12q21.32,reviewed by expert panel,6,-,N,ClinGen:CA144386,2,56730,88513961,CT,C,-,-,-,-,-,-,SCV007637378,-,-
513091,single nucleotide variant,NM_000256.3(MYBPC3):c.2149-1G>T,4607,MYBPC3,HGNC:7551,Pathogenic,1,"Jun 11, 2026",727504334,-,RCV000625575,"MONDO:MONDO:0007268,MedGen:C1861862,OMIM:115197",Hypertrophic cardiomyopathy 4,germline;inherited,germline,GRCh37,NC_000011.9,11,47360231,47360231,na,na,11p11.2,"criteria provided, single submitter",2,"ACMG2013,ACMG2016,ACMG2021,ACMG2022",N,ClinGen:CA380320674,2,522435,47360231,C,A,-,-,-,-,-,-,SCV007645838,-,-
4926285,single nucleotide variant,NM_000498.3(CYP11B2):c.1200+1G>T,1585,CYP11B2,HGNC:2592,Pathogenic,1,"Jan 20, 2026",-1,-,RCV006645308,-,Corticosterone methyl oxidase type II deficiency,germline,germline,GRCh37,NC_000008.10,8,143994222,143994222,na,na,8q24.3,"criteria provided, single submitter",1,-,N,-,2,4818597,143994222,C,A,-,-,-,-,-,-,SCV007537016,-,-
325228,single nucleotide variant,NM_021044.4(DHH):c.543C>T (p.His181=),50846,DHH,HGNC:2865,Benign,0,"Feb 03, 2026",117527954,-,RCV001512135|RCV001795929|RCV001718630,"MONDO:MONDO:0009301,MedGen:C1856273,OMIM:233420,Orphanet:242|MedGen:CN169374|MedGen:C3661900","46,XY sex reversal 7|not specified|not provided",germline,germline,GRCh37,NC_000012.11,12,49484933,49484933,na,na,12q13.12,"criteria provided, multiple submitters, no conflicts",9,-,N,ClinGen:CA6549160,2,309103,49484933,G,A,-,-,-,-,-,-,SCV000379334|SCV001719489|SCV001946903|SCV002068202|SCV005235785|SCV007307194|SCV007542680,-,-
32065,single nucleotide variant,NM_004004.6(GJB2):c.535G>A (p.Asp179Asn),2706,GJB2,HGNC:4284,Pathogenic,1,"Jan 10, 2026",28931595,-,RCV000018553,"MONDO:MONDO:0011103,MedGen:C2675750,OMIM:601544,Orphanet:90635",Autosomal dominant nonsyndromic hearing loss 3A,de novo;germline,germline,GRCh37,NC_000013.10,13,20763186,20763186,na,na,13q12.11,"criteria provided, single submitter",3,-,N,"ClinGen:CA257681,UniProtKB:P29033#VAR_032752,OMIM:121011.0028",3,17026,20763186,C,T,-,-,-,-,-,-,SCV007329828,-,-
1549081,single nucleotide variant,NM_013432.5(TONSL):c.26-18C>G,4796,TONSL,HGNC:7801,Benign,0,"Jan 27, 2026",114625445,-,RCV002099179,MedGen:C3661900,not provided,germline,germline,GRCh37,NC_000008.10,8,145669676,145669676,na,na,8q24.3,"criteria provided, multiple submitters, no conflicts",2,-,N,ClinGen:CA4943699,2,1620609,145669676,G,C,-,-,-,-,-,-,SCV002433886|SCV005270289,-,-
818207,Deletion,NM_000091.5(COL4A3):c.3013_3038del (p.Pro1005fs),1285,COL4A3,HGNC:2204,Pathogenic,1,"Apr 01, 2026",1574803208,-,RCV001029886,"MONDO:MONDO:0007086,MedGen:C5882663,OMIM:104200,Orphanet:63,Orphanet:88918",Autosomal dominant Alport syndrome,germline;unknown,germline,GRCh37,NC_000002.11,2,228154745,228154770,na,na,2q36.3,"criteria provided, single submitter",2,-,N,ClinGen:CA915941781,2,829933,228154744,AATCCTGGAGAACCAGGACTGCGTGGT,A,-,-,-,-,-,-,SCV007614901,-,-
508239,single nucleotide variant,NM_144498.4(OSBPL2):c.38-6G>A,9885,OSBPL2,HGNC:15761,Benign,0,"Jan 09, 2026",186638612,-,RCV000954321,MedGen:C3661900,not provided,germline,germline,GRCh37,NC_000020.10,20,60835031,60835031,na,na,20q13.33,"criteria provided, multiple submitters, no conflicts",3,-,N,ClinGen:CA9938325,2,508599,60835031,G,A,-,-,-,-,-,-,SCV000717907|SCV001100948|SCV005308222,-,-
4930494,single nucleotide variant,NM_000095.3(COMP):c.1424A>G (p.Asp475Gly),1311,COMP,HGNC:2227,Pathogenic,1,"Mar 10, 2026",-1,-,RCV006646307,"MONDO:MONDO:0007561,MedGen:C1838280,OMIM:132400,Orphanet:93308",Multiple epiphyseal dysplasia type 1,germline,germline,GRCh37,NC_000019.9,19,18896840,18896840,na,na,19p13.11,"criteria provided, single submitter",1,-,N,-,2,4819371,18896840,T,C,-,-,-,-,-,-,SCV007538934,-,-
257605,single nucleotide variant,NM_001242896.3(DEPDC5):c.1922C>T (p.Ala641Val),9681,DEPDC5,HGNC:18423,Benign,0,"Feb 03, 2026",16989528,-,RCV000244164|RCV000459282|RCV000991881|RCV002311368,"MedGen:CN169374|MONDO:MONDO:0020310,MedGen:C1858477,OMIM:PS604364,Orphanet:98820|MedGen:C3661900|MeSH:D030342,MedGen:C0950123",not specified|Familial focal epilepsy with variable foci|not provided|Inborn genetic diseases,germline,germline,GRCh37,NC_000022.10,22,32217539,32217539,na,na,22q12.3,"criteria provided, multiple submitters, no conflicts",7,-,N,"ClinGen:CA10196501,UniProtKB:O75140#VAR_053953",2,257659,32217539,C,T,-,-,-,-,-,-,SCV000307088|SCV000558200|SCV000846654|SCV001143716|SCV001944905|SCV005275474|SCV007327573,-,-
362378,single nucleotide variant,NM_032578.4(MYPN):c.3214C>T (p.Arg1072Ter),84665,MYPN,HGNC:23246,Pathogenic,1,"Jan 23, 2026",1057519573,-,RCV000417040|RCV001389633|RCV003233632|RCV006659447,"MONDO:MONDO:0015023,MedGen:C4479186,OMIM:617336|MONDO:MONDO:0014100,MedGen:C3714995,OMIM:615248,Orphanet:154,Orphanet:75249|MedGen:C3661900|MedGen:CN230736",MYPN-related myopathy|Dilated cardiomyopathy 1KK|not provided|Cardiovascular phenotype,germline,germline,GRCh37,NC_000010.10,10,69957164,69957164,na,na,10q21.3,"criteria provided, multiple submitters, no conflicts",4,-,N,"ClinGen:CA16044352,OMIM:608517.0011",3,375568,69957164,C,T,-,-,-,-,-,-,SCV001591062|SCV003930981|SCV007574676,-,-
274413,Deletion,NM_000231.3(SGCG):c.196-6del,6445,SGCG,HGNC:10809,Benign,0,"Jan 27, 2026",568365779,-,RCV000363057|RCV003603049|RCV005869231|RCV005869229|RCV005869230,"MedGen:CN169374|MONDO:MONDO:0009677,MedGen:C0410173,OMIM:253700,Orphanet:353|MedGen:CN377704|MedGen:C0346153|MedGen:C0206698",not specified|Autosomal recessive limb-girdle muscular dystrophy type 2C|Uterine corpus endometrial carcinoma|Familial cancer of breast|Cholangiocarcinoma,germline;not applicable,germline,GRCh37,NC_000013.10,13,23808744,23808744,na,na,13q12.12,"criteria provided, multiple submitters, no conflicts",3,-,N,ClinGen:CA6909605,2,290176,23808732,CT,C,-,-,-,-,-,-,SCV000344683|SCV004561216,-,-
4796551,single nucleotide variant,NM_005898.5(CAPRIN1):c.1372C>T (p.Arg458Ter),4076,CAPRIN1,HGNC:6743,Pathogenic,1,"Mar 11, 2026",-1,-,RCV006446936|RCV006706589|RCV006664427,"MedGen:C3661900|MONDO:MONDO:0968945,MedGen:C5935603,OMIM:620782|MedGen:CN169374","not provided|Neurodevelopmental disorder with language impairment, autism, and attention deficit-hyperactivity disorder|not specified",germline,germline,GRCh37,NC_000011.9,11,34111804,34111804,na,na,11p13,"criteria provided, multiple submitters, no conflicts",3,-,N,-,2,4685117,34111804,C,T,-,-,-,-,-,-,SCV007329259|SCV007566691|SCV007611099,-,-
367057,single nucleotide variant,NM_145199.3(LIPT1):c.565T>C (p.Leu189=),51601,LIPT1,HGNC:29569,Benign,0,"Feb 03, 2026",2632277,-,RCV000419186|RCV001521777|RCV001730678,"MedGen:CN169374|MedGen:C3661900|MONDO:MONDO:0014576,MedGen:C4225379,OMIM:616299,Orphanet:401862",not specified|not provided|Lipoyl transferase 1 deficiency,germline,germline,GRCh37,NC_000002.11,2,99778985,99778985,na,na,2q11.2,"criteria provided, multiple submitters, no conflicts",4,-,N,ClinGen:CA1797343,2,379991,99778985,T,C,-,-,-,-,-,-,SCV000517608|SCV001731179|SCV001981375|SCV005246337,-,-
4874096,single nucleotide variant,NM_206933.4(USH2A):c.10437G>C (p.Trp3479Cys),7399,USH2A,HGNC:12601,Pathogenic,1,"Jan 18, 2026",-1,-,RCV006578243,MedGen:C3661900,not provided,germline,germline,GRCh37,NC_000001.10,1,215956228,215956228,na,na,1q41,"criteria provided, single submitter",1,-,N,-,2,4771444,215956228,C,G,-,-,-,-,-,-,SCV007463433,-,-
1235297,single nucleotide variant,NM_005245.4(FAT1):c.12333C>T (p.Ala4111=),2195,FAT1,HGNC:3595,Benign,0,"Jan 29, 2026",2306989,-,RCV001641667|RCV006447659,MedGen:C3661900|MedGen:CN169374,not provided|not specified,germline,germline,GRCh37,NC_000004.11,4,187518871,187518871,na,na,4q35.2,"criteria provided, multiple submitters, no conflicts",4,-,N,ClinGen:CA3164856,2,1245344,187518871,G,A,-,-,-,-,-,-,SCV001860499|SCV002418506|SCV005306690|SCV007322416,-,-
1054934,single nucleotide variant,NM_001040142.2(SCN2A):c.4501A>G (p.Met1501Val),6326,SCN2A,HGNC:10588,Pathogenic,1,"Mar 31, 2026",2105385817,-,RCV001379759|RCV003326149|RCV006730143,"MONDO:MONDO:0011904,MedGen:C1843140,OMIM:607745,Orphanet:140927,Orphanet:306;MONDO:MONDO:0013388,MedGen:C3150987,OMIM:613721,Orphanet:1934|MONDO:MONDO:0013388,MedGen:C3150987,OMIM:613721,Orphanet:1934|MONDO:MONDO:0005027,MeSH:D004827,MedGen:C0014544","Seizures, benign familial infantile, 3;Developmental and epileptic encephalopathy, 11|Developmental and epileptic encephalopathy, 11|Epilepsy",de novo;germline,germline,GRCh37,NC_000002.11,2,166237657,166237657,na,na,2q24.3,"criteria provided, multiple submitters, no conflicts",3,-,N,ClinGen:CA349034759,2,1068258,166237657,A,G,-,-,-,-,-,-,SCV001577622|SCV007637065,-,-
502395,single nucleotide variant,NM_001101.5(ACTB):c.951C>T (p.Ile317=),60,ACTB,HGNC:132,Benign,0,"Jan 26, 2026",13447408,-,RCV000614264|RCV000862866|RCV002253528|RCV004547751,"MedGen:CN169374|MONDO:MONDO:0009470,MedGen:C1855722,OMIM:243310,Orphanet:2649,Orphanet:2995|MONDO:MONDO:0011823,MedGen:C5848323,OMIM:607371,Orphanet:79107|",not specified|Baraitser-Winter syndrome 1|Developmental malformations-deafness-dystonia syndrome|ACTB-related disorder,germline,germline,GRCh37,NC_000007.13,7,5567668,5567668,na,na,7p22.1,"criteria provided, multiple submitters, no conflicts",5,-,N,ClinGen:CA4146891,2,516229,5567668,G,A,-,-,-,-,-,-,SCV000728833|SCV001003429|SCV002524384|SCV002524385|SCV007301986,-,-
255728,single nucleotide variant,NM_032444.4(SLX4):c.1366+11T>C,84464,SLX4,HGNC:23845,Benign,0,"Feb 04, 2026",76350200,-,RCV000245275|RCV000357049|RCV001521356|RCV001610737,"MedGen:CN169374|MONDO:MONDO:0013499,MedGen:C3469542,OMIM:613951,Orphanet:84|MONDO:MONDO:0019391,MeSH:D005199,MedGen:C0015625,OMIM:PS227650,Orphanet:84|MedGen:C3661900",not specified|Fanconi anemia complementation group P|Fanconi anemia|not provided,germline,germline,GRCh37,NC_000016.9,16,3647787,3647787,na,na,16p13.3,"criteria provided, multiple submitters, no conflicts",8,-,N,ClinGen:CA7866550,2,262034,3647787,A,G,-,-,-,-,-,-,SCV000314916|SCV000396879|SCV001730685|SCV001842246|SCV004015472|SCV005295862|SCV005876223,-,-
23908,single nucleotide variant,NM_002181.4(IHH):c.298G>A (p.Asp100Asn),3549,IHH,HGNC:5956,Pathogenic,1,"Feb 13, 2026",121917855,-,RCV000009419|RCV001804721|RCV003441711,"Human Phenotype Ontology:HP:0009371,MONDO:MONDO:0007215,MedGen:C1862151,OMIM:112500,Orphanet:93388|MONDO:MONDO:0020701,MedGen:CN295859|MedGen:C3661900",Brachydactyly type A1|Brachydactyly type A1A|not provided,de novo;germline,germline,GRCh37,NC_000002.11,2,219924892,219924892,na,na,2q35,"criteria provided, multiple submitters, no conflicts",6,-,N,"ClinGen:CA119976,UniProtKB:Q14623#VAR_015984,OMIM:600726.0004",3,8869,219924892,C,T,-,-,-,-,-,-,SCV002053915|SCV004168173|SCV005834862|SCV006585231|SCV007598715,-,-
3068484,single nucleotide variant,NM_004548.3(NDUFB10):c.246C>T (p.Ala82=),4716,NDUFB10,HGNC:7696,Benign,0,"Jan 26, 2026",201009092,-,RCV003734043|RCV003966637,MedGen:C3661900|,not provided|NDUFB10-related disorder,germline,germline,GRCh37,NC_000016.9,16,2011269,2011269,na,na,16p13.3,"criteria provided, single submitter",2,-,N,ClinGen:CA7823293,2,2902989,2011269,C,T,-,-,-,-,-,-,SCV004531675,-,-
1279906,single nucleotide variant,NM_001077350.3(NPRL3):c.189-15C>G,8131,NPRL3,HGNC:14124,Benign,0,"Jan 26, 2026",183021938,-,RCV001714964|RCV002073327|RCV005923740,"MedGen:C3661900|MONDO:MONDO:0014925,MedGen:C4310708,OMIM:617118|MedGen:C0280630","not provided|Epilepsy, familial focal, with variable foci 3|Uterine carcinosarcoma",germline;not applicable,germline,GRCh37,NC_000016.9,16,169269,169269,na,na,16p13.3,"criteria provided, multiple submitters, no conflicts",3,-,N,ClinGen:CA7769729,2,1290077,169269,G,C,-,-,-,-,-,-,SCV001938961|SCV002491694,-,-
741921,single nucleotide variant,NM_032607.3(CREB3L3):c.1347A>G (p.Ser449=),84699,CREB3L3,HGNC:18855,Benign,0,"Jan 10, 2026",36021701,-,RCV000906039,MedGen:C3661900,not provided,germline,germline,GRCh37,NC_000019.9,19,4171927,4171927,na,na,19p13.3,"criteria provided, multiple submitters, no conflicts",2,-,N,ClinGen:CA9091690,2,731136,4171927,A,G,-,-,-,-,-,-,SCV001050656|SCV005309587,-,-
4924704,single nucleotide variant,NM_000533.5(PLP1):c.646C>A (p.Pro216Thr),5354,PLP1,HGNC:9086,Pathogenic,1,"Mar 05, 2026",-1,-,RCV006635168,"Human Phenotype Ontology:HP:0003269,MONDO:MONDO:0010714,MedGen:C0205711,OMIM:312080,Orphanet:702",Pelizaeus-Merzbacher disease,unknown,unknown,GRCh37,NC_000023.10,X,103043389,103043389,na,na,Xq22.2,"criteria provided, single submitter",1,-,N,-,2,4813545,103043389,C,A,-,-,-,-,-,-,SCV007519231,-,-
100444,Duplication,NM_004006.3(DMD):c.2929dup (p.Gln977fs),1756,DMD,HGNC:2928,Pathogenic,1,"Jan 23, 2026",398123914,-,RCV006661635,MedGen:CN230736,Cardiovascular phenotype,germline,germline,GRCh37,NC_000023.10,X,32490300,32490301,na,na,Xp21.1,"criteria provided, single submitter",1,-,N,-,2,4826897,32490300,T,TG,-,-,-,-,-,-,SCV007551755,-,-
402616,single nucleotide variant,NM_001350451.2(RBFOX3):c.998+9G>T,146713,RBFOX3,HGNC:27097,Benign,0,"Jan 31, 2026",79080598,-,RCV000477457|RCV003925383,"MONDO:MONDO:0005579,MedGen:C0270850,OMIM:600669,OMIM:PS600669|",Idiopathic generalized epilepsy|RBFOX3-related disorder,germline,germline,GRCh37,NC_000017.10,17,77091586,77091586,na,na,17q25.3,"criteria provided, single submitter",2,-,N,ClinGen:CA8810224,2,416625,77091586,C,A,-,-,-,-,-,-,SCV000562404,-,-
792790,Microsatellite,NM_025114.4(CEP290):c.734_735del (p.Glu245fs),80184,CEP290,HGNC:29021,Pathogenic,1,"Jul 20, 2026",1592671672,-,RCV000991447|RCV001389258|RCV005630850|RCV006730392,"MONDO:MONDO:0012626,MedGen:C1970161,OMIM:611134,Orphanet:564;MONDO:MONDO:0012432,MedGen:C1857780,OMIM:610188,Orphanet:2318;MONDO:MONDO:0014442,MedGen:C2673874,OMIM:615991,Orphanet:110;MONDO:MONDO:0012723,MedGen:C1857821,OMIM:611755,Orphanet:65;MONDO:MONDO:0012433,MedGen:C1857779,OMIM:610189,Orphanet:3156|MONDO:MONDO:0018772,MedGen:C5979921,OMIM:PS213300,Orphanet:475;Human Phenotype Ontology:HP:0000090,Human Phenotype Ontology:HP:0004748,MONDO:MONDO:0019005,MedGen:C0687120,OMIM:PS256100,Orphanet:655;MONDO:MONDO:0018921,MedGen:C0265215,OMIM:PS249000,Orphanet:564|MedGen:C3661900|MONDO:MONDO:0100451,MedGen:CN305601","Meckel syndrome, type 4;Joubert syndrome 5;Bardet-Biedl syndrome 14;Leber congenital amaurosis 10;Senior-Loken syndrome 6|Joubert syndrome;Nephronophthisis;Meckel-Gruber syndrome|not provided|CEP290-related ciliopathy",germline,germline,GRCh37,NC_000012.11,12,88523588,88523589,na,na,12q21.32,reviewed by expert panel,4,-,N,ClinGen:CA915946668,2,804466,88523587,ACT,A,-,-,-,-,-,-,SCV007637408,-,-
553446,single nucleotide variant,NM_001009944.3(PKD1):c.7288C>T (p.Arg2430Ter),5310,PKD1,HGNC:9008,Pathogenic,1,"Apr 27, 2026",2432403,-,RCV000681700|RCV000763373|RCV001254314|RCV001292446|RCV004740404,"MedGen:C3661900|MONDO:MONDO:0008263,MedGen:C3149841,OMIM:173900|MONDO:MONDO:0004691,MedGen:C0085413,Orphanet:730|Human Phenotype Ontology:HP:0000113,Human Phenotype Ontology:HP:0004716,Human Phenotype Ontology:HP:0004739,Human Phenotype Ontology:HP:0004740,Human Phenotype Ontology:HP:0008645,Human Phenotype Ontology:HP:0008673,Human Phenotype Ontology:HP:0008699,MONDO:MONDO:0020642,MeSH:D007690,MedGen:C0022680,OMIM:PS173900|","not provided|Polycystic kidney disease, adult type|Autosomal dominant polycystic kidney disease|Polycystic kidney disease|PKD1-related disorder",germline;unknown,germline,GRCh37,NC_000016.9,16,2156600,2156600,na,na,16p13.3,"criteria provided, multiple submitters, no conflicts",14,-,N,ClinGen:CA276779725,2,562262,2156600,G,A,-,-,-,-,-,-,SCV000894069|SCV001430266|SCV001805239|SCV005184210|SCV005398176|SCV005620934|SCV006582856|SCV007120286|SCV007330010|SCV007593176|SCV007599454,-,-
343699,single nucleotide variant,NM_152296.5(ATP1A3):c.1281G>A (p.Gln427=),478,ATP1A3,HGNC:801,Benign,0,"Feb 02, 2026",116979196,-,RCV000352996|RCV000394092|RCV002259876|RCV001706531|RCV002259877,"MONDO:MONDO:0007496,MedGen:C1868681,OMIM:128235,Orphanet:71517|MONDO:MONDO:0013900,MedGen:C3553788,OMIM:614820,Orphanet:2131|MONDO:MONDO:0011038,MedGen:C1832466,OMIM:601338,Orphanet:1171|MedGen:C3661900|MONDO:MONDO:0030473,MedGen:C5562018,OMIM:619606",Dystonia 12|Alternating hemiplegia of childhood 2|Cerebellar ataxia-areflexia-pes cavus-optic atrophy-sensorineural hearing loss syndrome|not provided|Developmental and epileptic encephalopathy 99,germline,germline,GRCh37,NC_000019.9,19,42485895,42485895,na,na,19q13.2,"criteria provided, multiple submitters, no conflicts",4,-,N,ClinGen:CA9467683,2,329419,42485895,C,T,-,-,-,-,-,-,SCV000413441|SCV000413442|SCV000766656|SCV001829519|SCV002539008|SCV002539010|SCV002539011|SCV002539012,-,-
719050,single nucleotide variant,NM_005012.4(ROR1):c.1554G>A (p.Thr518=),4919,ROR1,HGNC:10256,Benign,0,"Jan 14, 2026",80063252,-,RCV000880972|RCV003910383,MedGen:C3661900|,not provided|ROR1-related disorder,germline,germline,GRCh37,NC_000001.10,1,64643278,64643278,na,na,1p31.3,"criteria provided, multiple submitters, no conflicts",3,-,N,ClinGen:CA890306,2,709548,64643278,G,A,-,-,-,-,-,-,SCV001024107|SCV005287329,-,-
1196263,single nucleotide variant,NM_001939.3(DRP2):c.1454+5G>A,1821,DRP2,HGNC:3032,Benign,0,"Feb 03, 2026",138775194,-,RCV001573727|RCV001700789|RCV003994311|RCV005917786|RCV005917785|RCV005917784,"MedGen:C3661900|MedGen:CN169374|MONDO:MONDO:0015626,MedGen:C0007959,OMIM:PS118220,Orphanet:166|MedGen:C0279663|MedGen:C2931038|MedGen:C0346153",not provided|not specified|Charcot-Marie-Tooth disease|Ovarian serous cystadenocarcinoma|Familial pancreatic carcinoma|Familial cancer of breast,germline;not applicable,germline,GRCh37,NC_000023.10,X,100503284,100503284,na,na,Xq22.1,"criteria provided, multiple submitters, no conflicts",6,-,N,ClinGen:CA10472267,2,1206276,100503284,G,A,-,-,-,-,-,-,SCV002401573|SCV004812799|SCV005276274,-,-
276709,single nucleotide variant,NM_005957.5(MTHFR):c.117C>T (p.Pro39=),4524,MTHFR,HGNC:7436,Benign,0,"Feb 04, 2026",2066470,-,RCV000420664|RCV001518696|RCV004713510,"MedGen:CN169374|MONDO:MONDO:0009353,MedGen:C1856061,OMIM:236250,Orphanet:395|MedGen:C3661900",not specified|Homocystinuria due to methylene tetrahydrofolate reductase deficiency|not provided,germline,germline,GRCh37,NC_000001.10,1,11863057,11863057,na,na,1p36.22,"criteria provided, multiple submitters, no conflicts",8,-,N,ClinGen:CA595740,2,292246,11863057,G,A,-,-,-,-,-,-,SCV000519506|SCV001727437|SCV005286561|SCV007322260,-,-
1245256,single nucleotide variant,NM_004750.5(CRLF1):c.237C>T (p.Asn79=),9244,CRLF1,HGNC:2364,Benign,0,"Feb 04, 2026",2238647,-,RCV001653433|RCV006440639,MedGen:C3661900|MedGen:CN169374,not provided|not specified,germline,germline,GRCh37,NC_000019.9,19,18710535,18710535,na,na,19p13.11,"criteria provided, multiple submitters, no conflicts",4,-,N,ClinGen:CA9314305,2,1255324,18710535,G,A,-,-,-,-,-,-,SCV001871726|SCV003210214|SCV005314149|SCV007317107,-,-
176642,single nucleotide variant,NM_017950.4(CCDC40):c.507G>A (p.Ser169=),55036,CCDC40,HGNC:26090,Benign,0,"Feb 01, 2026",2885349,-,RCV000150250|RCV000386907|RCV001094502|RCV001534395,"MedGen:CN169374|Human Phenotype Ontology:HP:0012265,MONDO:MONDO:0016575,MedGen:C0008780,OMIM:PS244400,Orphanet:244|MONDO:MONDO:0013435,MedGen:C3151137,OMIM:613808,Orphanet:244|MedGen:C3661900",not specified|Primary ciliary dyskinesia|Primary ciliary dyskinesia 15|not provided,germline,germline,GRCh37,NC_000017.10,17,78014024,78014024,na,na,17q25.3,"criteria provided, multiple submitters, no conflicts",8,-,N,ClinGen:CA175425,2,162845,78014024,G,A,-,-,-,-,-,-,SCV000197255|SCV000313108|SCV000407167|SCV000558509|SCV001751321|SCV002642921|SCV005255705|SCV007312287,-,-
2092691,single nucleotide variant,NM_138386.3(NAF1):c.439A>G (p.Ile147Val),92345,NAF1,HGNC:25126,Benign,0,"Jan 28, 2026",34283388,-,RCV002900441|RCV006449035,MedGen:C3661900|MedGen:CN169374,not provided|not specified,germline,germline,GRCh37,NC_000004.11,4,164085470,164085470,na,na,4q32.2,"criteria provided, multiple submitters, no conflicts",2,-,N,ClinGen:CA3126358,2,2045119,164085470,T,C,-,-,-,-,-,-,SCV003251958|SCV007322324,-,-
4931330,single nucleotide variant,NM_000166.6(GJB1):c.72G>A (p.Trp24Ter),2705,GJB1,HGNC:4283,Pathogenic,1,"Mar 26, 2026",-1,-,RCV006647694,"MONDO:MONDO:0010549,MedGen:C0393808,OMIM:302800,Orphanet:101075",Charcot-Marie-Tooth disease X-linked dominant 1,paternal,germline,GRCh37,NC_000023.10,X,70443629,70443629,na,na,Xq13.1,"criteria provided, single submitter",1,-,N,-,2,4820223,70443629,G,A,-,-,-,-,-,-,SCV007520446,-,-
3804420,single nucleotide variant,NM_002336.3(LRP6):c.321A>G (p.Glu107=),4040,LRP6,HGNC:6698,Benign,0,"Jan 11, 2026",-1,-,RCV005150871,MedGen:C3661900,not provided,germline,germline,GRCh37,NC_000012.11,12,12397324,12397324,na,na,12p13.2,"criteria provided, single submitter",1,-,N,-,2,3670984,12397324,T,C,-,-,-,-,-,-,SCV005774369,-,-
1673977,single nucleotide variant,NM_015202.5(KATNIP):c.4276G>A (p.Glu1426Lys),23247,KATNIP,HGNC:29068,Benign,0,"Jan 27, 2026",117316062,-,RCV002236783|RCV003973356|RCV006442754,MedGen:C3661900||MedGen:CN169374,not provided|KATNIP-related disorder|not specified,germline,germline,GRCh37,NC_000016.9,16,27784497,27784497,na,na,16p12.1,"criteria provided, multiple submitters, no conflicts",4,-,N,ClinGen:CA7978565,2,1682075,27784497,G,A,-,-,-,-,-,-,SCV002510069|SCV005296035|SCV007316717,-,-
548414,single nucleotide variant,NM_000152.5(GAA):c.1195-1G>A,2548,GAA,HGNC:4065,Pathogenic,1,"Jan 05, 2026",1555600166,-,RCV000664532,"MONDO:MONDO:0009290,MedGen:C0017921,OMIM:232300,Orphanet:365","Glycogen storage disease, type II",germline;unknown,germline,GRCh37,NC_000017.10,17,78082495,78082495,na,na,17q25.3,"criteria provided, single submitter",2,"ACMG2021,ACMG2022",N,ClinGen:CA401365148,2,549946,78082495,G,A,-,-,-,-,-,-,SCV007375827,-,-
4969614,Insertion,NM_001276270.2(MBD4):c.937_938insG (p.Lys313fs),8930,MBD4,HGNC:6919,Pathogenic,1,"Apr 22, 2026",-1,-,RCV006722559,"MeSH:D030342,MedGen:C0950123",Inborn genetic diseases,germline,germline,GRCh37,NC_000003.11,3,129155549,129155550,na,na,3q21.3,"criteria provided, single submitter",1,-,N,-,2,4859579,129155549,T,TC,-,-,-,-,-,-,SCV007620269,-,-
4962933,single nucleotide variant,NM_178452.6(DNAAF1):c.124+2T>G,123872,DNAAF1,HGNC:30539,Pathogenic,1,"Jan 02, 2026",-1,-,RCV006699030,MedGen:C3661900,not provided,germline,germline,GRCh37,NC_000016.9,16,84179171,84179171,na,na,16q24.1,"criteria provided, single submitter",1,-,N,-,2,4851988,84179171,T,G,-,-,-,-,-,-,SCV007599393,-,-
4843691,single nucleotide variant,NM_000093.5(COL5A1):c.2800-2A>C,1289,COL5A1,HGNC:2209,Pathogenic,1,"Jan 02, 2026",-1,-,RCV006525981,"MONDO:MONDO:0019567,MedGen:C0268335,OMIM:130000","Ehlers-Danlos syndrome, classic type, 1",germline,germline,GRCh37,NC_000009.11,9,137688218,137688218,na,na,9q34.3,"criteria provided, single submitter",1,-,N,-,2,4734198,137688218,A,C,-,-,-,-,-,-,SCV007403346,-,-
1158357,single nucleotide variant,NM_005559.4(LAMA1):c.5288C>T (p.Ala1763Val),284217,LAMA1,HGNC:6481,Benign,0,"Feb 02, 2026",12607841,-,RCV001515562|RCV001730767|RCV005914333|RCV005914334|RCV005914335|RCV006438681,"MedGen:C3661900|MONDO:MONDO:0014419,MedGen:C4014821,OMIM:615960,Orphanet:370022|MedGen:C0079744|MedGen:C0280630|MedGen:C1336708|MedGen:CN169374","not provided|Ataxia - intellectual disability - oculomotor apraxia - cerebellar cysts syndrome|Malignant lymphoma, large B-cell, diffuse|Uterine carcinosarcoma|Germ cell tumor of testis|not specified",germline;not applicable,germline,GRCh37,NC_000018.9,18,6986227,6986227,na,na,18p11.31,"criteria provided, multiple submitters, no conflicts",5,-,N,ClinGen:CA8881645,2,1166873,6986227,G,A,-,-,-,-,-,-,SCV001723659|SCV001981216|SCV005248295|SCV007310038,-,-
1055836,Duplication,NR_003051.3(RMRP):n.-15_1dupTGAAGCTGAGGACGTG,6023,RMRP,HGNC:10031,Pathogenic,1,"Jan 14, 2026",1554651375,-,RCV001378797|RCV006636854,"MONDO:MONDO:0011773,MedGen:C1846796,OMIM:PS607095,Orphanet:93347|MONDO:MONDO:0009595,MedGen:C0220748,OMIM:250250,Orphanet:175","Anauxetic dysplasia|Metaphyseal chondrodysplasia, McKusick type",germline,germline,GRCh37,NC_000009.11,9,35658014,35658015,na,na,9p13.3,"criteria provided, multiple submitters, no conflicts",2,-,N,ClinGen:CA587570184,2,1067503,35658014,C,CCACGTCCTCAGCTTCA,-,-,-,-,-,-,SCV001576456|SCV007532970,-,-
982256,single nucleotide variant,NM_000398.7(CYB5R3):c.21+6C>T,1727,CYB5R3,HGNC:2873,Benign,0,"Feb 03, 2026",8190370,-,RCV001813054|RCV004754721|RCV006446093,MedGen:C3661900||MedGen:CN169374,not provided|CYB5R3-related disorder|not specified,germline,germline,GRCh37,NC_000022.10,22,43045295,43045295,na,na,22q13.2,"criteria provided, multiple submitters, no conflicts",5,-,N,ClinGen:CA10270087,2,994069,43045295,G,A,-,-,-,-,-,-,SCV001473391|SCV003031299|SCV005274168|SCV007325561,-,-
442650,single nucleotide variant,NM_000702.4(ATP1A2):c.1816G>A (p.Ala606Thr),477,ATP1A2,HGNC:800,Pathogenic,1,"Mar 26, 2026",1414742926,-,RCV000520358|RCV001385316|RCV003419903|RCV006697558,"MedGen:C3661900|MONDO:MONDO:0000700,MedGen:C0338484,OMIM:PS141500||",not provided|Familial hemiplegic migraine|ATP1A2-related disorder|Paroxysmal central nervous system disorders,germline,germline,GRCh37,NC_000001.10,1,160100376,160100376,na,na,1q23.2,"criteria provided, multiple submitters, no conflicts",5,-,N,ClinGen:CA343244541,2,449379,160100376,G,A,-,-,-,-,-,-,SCV000617440|SCV001585131|SCV004109633|SCV005199633|SCV007596548,-,-
1595058,single nucleotide variant,NM_001042750.2(STAG2):c.2026-14A>T,10735,STAG2,HGNC:11355,Benign,0,"Jan 17, 2026",758411351,-,RCV002190673,MedGen:C3661900,not provided,germline,germline,GRCh37,NC_000023.10,X,123199712,123199712,na,na,Xq25,"criteria provided, single submitter",1,-,N,ClinGen:CA10508922,2,1558469,123199712,A,T,-,-,-,-,-,-,SCV002357822,-,-
1632097,single nucleotide variant,NM_000428.3(LTBP2):c.1902C>T (p.Asp634=),4053,LTBP2,HGNC:6715,Benign,0,"Jan 04, 2026",200919399,-,RCV002132432,MedGen:C3661900,not provided,germline,germline,GRCh37,NC_000014.8,14,74999214,74999214,na,na,14q24.3,"criteria provided, single submitter",1,-,N,ClinGen:CA7269717,2,1600538,74999214,G,A,-,-,-,-,-,-,SCV002402764,-,-
845420,single nucleotide variant,NM_007294.4(BRCA1):c.2498T>A (p.Leu833Ter),672,BRCA1,HGNC:1100,Pathogenic,1,"Jan 09, 2026",2053749811,-,RCV001040112|RCV001524443|RCV004726814,"MONDO:MONDO:0003582,MeSH:D061325,MedGen:C0677776,Orphanet:145|MONDO:MONDO:0015356,MeSH:D009386,MedGen:C0027672,Orphanet:140162|MedGen:C3661900",Hereditary breast ovarian cancer syndrome|Hereditary cancer-predisposing syndrome|not provided,germline,germline,GRCh37,NC_000017.10,17,41245050,41245050,na,na,17q21.31,"criteria provided, multiple submitters, no conflicts",4,"ACMG2013,ACMG2016,ACMG2021,ACMG2022",N,ClinGen:CA10597003,2,838543,41245050,A,T,-,-,-,-,-,-,SCV001203670|SCV001734289|SCV005334394|SCV006478081,-,-
1928344,Duplication,NM_015102.5(NPHP4):c.3272dup (p.Ser1092fs),261734,NPHP4,HGNC:19104,Pathogenic,1,"Feb 09, 2026",777884325,-,RCV002630045|RCV004721125|RCV006646567,"Human Phenotype Ontology:HP:0000090,Human Phenotype Ontology:HP:0004748,MONDO:MONDO:0019005,MedGen:C0687120,OMIM:PS256100,Orphanet:655|MedGen:C3661900|",Nephronophthisis|not provided|Cystic renal disease,germline,germline,GRCh37,NC_000001.10,1,5933354,5933355,na,na,1p36.31,"criteria provided, multiple submitters, no conflicts",3,-,N,ClinGen:CA553719,2,2202693,5933354,C,CA,-,-,-,-,-,-,SCV003522715|SCV005327148|SCV007540233,-,-
390370,single nucleotide variant,NM_001282225.2(ADA2):c.1359T>C (p.Tyr453=),51816,ADA2,HGNC:1839,Benign,0,"Feb 04, 2026",7289170,-,RCV000454823|RCV001513310|RCV001707690,"MedGen:CN169374|MONDO:MONDO:0014306,MedGen:C3887654,OMIM:615688,Orphanet:404553|MedGen:C3661900",not specified|Deficiency of adenosine deaminase 2|not provided,germline;unknown,germline,GRCh37,NC_000022.10,22,17662793,17662793,na,na,22q11.1,"criteria provided, multiple submitters, no conflicts",10,-,N,ClinGen:CA10087891,2,402527,17662793,A,G,-,-,-,-,-,-,SCV000538657|SCV001720904|SCV001936358|SCV004102336|SCV005278230|SCV007319504|SCV007344921,-,-
485840,single nucleotide variant,NM_000044.6(AR):c.2086G>A (p.Asp696Asn),367,AR,HGNC:644,Pathogenic,1,"May 19, 2026",1555995840,-,RCV000581269|RCV001853948|RCV003236821|RCV004955669|RCV006700575,"MONDO:MONDO:0019154,MedGen:C0039585,OMIM:300068,Orphanet:754,Orphanet:99429|MONDO:MONDO:0019154,MedGen:C0039585,OMIM:300068,Orphanet:754,Orphanet:99429;MONDO:MONDO:0010735,MedGen:C1839259,OMIM:313200,Orphanet:481|MedGen:C3661900|MeSH:D030342,MedGen:C0950123|",Androgen resistance syndrome|Androgen resistance syndrome;Kennedy disease|not provided|Inborn genetic diseases|Differences in sex development,germline;unknown,germline,GRCh37,NC_000023.10,X,66931444,66931444,na,na,Xq12,"criteria provided, multiple submitters, no conflicts",8,-,N,ClinGen:CA413423381,2,492787,66931444,G,A,-,-,-,-,-,-,SCV002246671|SCV003935805|SCV004040995|SCV005199570|SCV005475945|SCV007602471,-,-
253873,single nucleotide variant,NM_001002295.2(GATA3):c.606T>C (p.Arg202=),2625,GATA3,HGNC:4172,Benign,0,"Feb 01, 2026",2228254,-,RCV000249336|RCV000373472|RCV002057408,"MedGen:CN169374|MONDO:MONDO:0007797,MedGen:C1840333,OMIM:146255,Orphanet:2237|MedGen:C3661900","not specified|Hypoparathyroidism, deafness, renal disease syndrome|not provided",germline,germline,GRCh37,NC_000010.10,10,8100632,8100632,na,na,10p14,"criteria provided, multiple submitters, no conflicts",6,-,N,ClinGen:CA5404411,2,256853,8100632,T,C,-,-,-,-,-,-,SCV000305609|SCV000365294|SCV000717862|SCV002386173|SCV005323354|SCV007305804,-,-
237666,single nucleotide variant,NM_000350.3(ABCA4):c.4354G>T (p.Glu1452Ter),24,ABCA4,HGNC:34,Pathogenic,1,"Apr 28, 2026",886044742,-,RCV000408486|RCV002519761|RCV004816412|RCV006688666,"MONDO:MONDO:0009549,MeSH:D000080362,MedGen:C1855465,OMIM:248200,Orphanet:364055,Orphanet:827|MedGen:C3661900|Human Phenotype Ontology:HP:0000556,Human Phenotype Ontology:HP:0007736,Human Phenotype Ontology:HP:0007910,Human Phenotype Ontology:HP:0007974,Human Phenotype Ontology:HP:0007982,MONDO:MONDO:0019118,MeSH:D058499,MedGen:C0854723,Orphanet:71862|MONDO:MONDO:0800406,MedGen:CN322612",Severe early-childhood-onset retinal dystrophy|not provided|Retinal dystrophy|ABCA4-related retinopathy,germline;unknown,germline,GRCh37,NC_000001.10,1,94495186,94495186,na,na,1p22.1,reviewed by expert panel,3,-,N,ClinGen:CA10602429,2,236114,94495186,C,A,-,-,-,-,-,-,SCV007591249,-,-
4852321,Deletion,NM_032444.4(SLX4):c.3986del (p.Ser1329fs),84464,SLX4,HGNC:23845,Pathogenic,1,"Jan 16, 2026",-1,-,RCV006518128,"MONDO:MONDO:0019391,MeSH:D005199,MedGen:C0015625,OMIM:PS227650,Orphanet:84",Fanconi anemia,germline,germline,GRCh37,NC_000016.9,16,3639653,3639653,na,na,16p13.3,"criteria provided, single submitter",1,-,N,-,2,4741887,3639652,AG,A,-,-,-,-,-,-,SCV007412167,-,-
